Date,Price,Likes,Dislikes,Followers,Days
2018-01-01,1006.39,9001,402,15002,0
2018-01-02,1011.81,9003,403,15003,1
2018-01-03,1017.26,9004,405,15004,2
2018-01-04,1022.74,9006,407,15006,3
2018-01-05,1028.25,9008,408,15008,4
2018-01-06,1033.79,9010,410,15009,5
2018-01-07,1039.36,9011,412,15011,6
2018-01-08,1044.96,9013,414,15012,7
2018-01-09,1050.59,9015,415,15014,8
2018-01-10,1056.25,9016,417,15015,9
2018-01-11,1061.94,9018,418,15016,10
2018-01-12,1067.66,9020,420,15018,11
2018-01-13,1073.41,9022,422,15019,12
2018-01-14,1079.19,9023,423,15020,13
2018-01-15,1085.0,9024,424,15021,14
2018-01-16,1090.85,9026,426,15022,15
2018-01-17,1096.73,9028,428,15024,16
2018-01-18,1102.64,9030,430,15026,17
2018-01-19,1108.58,9032,431,15027,18
2018-01-20,1114.55,9033,432,15029,19
2018-01-21,1120.56,9035,434,15031,20
2018-01-22,1126.6,9037,435,15033,21
2018-01-23,1132.67,9038,437,15035,22
2018-01-24,1138.77,9039,439,15036,23
2018-01-25,1144.91,9040,441,15037,24
2018-01-26,1151.08,9042,443,15038,25
2018-01-27,1157.28,9043,445,15039,26
2018-01-28,1163.52,9045,446,15040,27
2018-01-29,1169.79,9047,447,15042,28
2018-01-30,1176.09,9048,448,15043,29
2018-01-31,1182.43,9049,450,15044,30
2018-02-01,1188.8,9050,452,15045,31
2018-02-02,1195.21,9051,453,15046,32
2018-02-03,1201.65,9053,454,15048,33
2018-02-04,1208.12,9055,455,15049,34
2018-02-05,1214.63,9057,456,15050,35
2018-02-06,1221.17,9058,457,15052,36
2018-02-07,1227.75,9059,458,15054,37
2018-02-08,1234.36,9061,460,15056,38
2018-02-09,1241.01,9062,461,15057,39
2018-02-10,1247.7,9064,462,15059,40
2018-02-11,1254.42,9065,463,15060,41
2018-02-12,1261.18,9067,465,15061,42
2018-02-13,1267.98,9069,467,15062,43
2018-02-14,1274.81,9071,469,15063,44
2018-02-15,1281.68,9072,471,15064,45
2018-02-16,1288.59,9073,472,15065,46
2018-02-17,1295.53,9075,474,15066,47
2018-02-18,1302.51,9076,476,15068,48
2018-02-19,1309.53,9078,478,15070,49
2018-02-20,1316.59,9080,480,15072,50
2018-02-21,1323.68,9081,481,15074,51
2018-02-22,1330.81,9083,483,15076,52
2018-02-23,1337.98,9085,485,15078,53
2018-02-24,1345.19,9087,486,15079,54
2018-02-25,1352.44,9088,488,15081,55
2018-02-26,1359.73,9090,489,15083,56
2018-02-27,1367.06,9091,491,15084,57
2018-02-28,1374.43,9093,492,15086,58
2018-03-01,1381.84,9095,493,15088,59
2018-03-02,1389.29,9096,495,15089,60
2018-03-03,1396.78,9098,496,15091,61
2018-03-04,1404.31,9099,497,15092,62
2018-03-05,1411.88,9101,498,15094,63
2018-03-06,1419.49,9103,499,15096,64
2018-03-07,1427.14,9105,501,15097,65
2018-03-08,1434.83,9106,502,15098,66
2018-03-09,1442.56,9107,504,15099,67
2018-03-10,1450.33,9108,505,15101,68
2018-03-11,1458.14,9110,507,15103,69
2018-03-12,1466.0,9111,508,15105,70
2018-03-13,1473.9,9113,510,15106,71
2018-03-14,1481.84,9114,511,15108,72
2018-03-15,1489.82,9116,512,15109,73
2018-03-16,1497.85,9118,514,15110,74
2018-03-17,1505.92,9119,516,15112,75
2018-03-18,1514.03,9120,518,15114,76
2018-03-19,1522.19,9121,519,15115,77
2018-03-20,1530.39,9122,521,15117,78
2018-03-21,1538.64,9123,522,15118,79
2018-03-22,1546.93,9124,523,15120,80
2018-03-23,1555.26,9125,525,15122,81
2018-03-24,1563.64,9126,527,15124,82
2018-03-25,1572.06,9127,529,15126,83
2018-03-26,1580.53,9128,531,15127,84
2018-03-27,1589.05,9129,532,15129,85
2018-03-28,1597.61,9130,534,15130,86
2018-03-29,1606.22,9131,535,15132,87
2018-03-30,1614.87,9133,537,15133,88
2018-03-31,1623.57,9135,538,15135,89
2018-04-01,1632.32,9136,539,15136,90
2018-04-02,1641.11,9138,541,15138,91
2018-04-03,1649.95,9140,542,15140,92
2018-04-04,1658.84,9141,543,15142,93
2018-04-05,1667.78,9143,545,15144,94
2018-04-06,1676.77,9145,546,15145,95
2018-04-07,1685.8,9146,547,15147,96
2018-04-08,1694.88,9148,549,15149,97
2018-04-09,1704.01,9150,551,15151,98
2018-04-10,1713.19,9152,553,15152,99
2018-04-11,1722.42,9154,555,15153,100
2018-04-12,1731.7,9155,557,15154,101
2018-04-13,1741.03,9156,558,15155,102
2018-04-14,1750.41,9157,559,15156,103
2018-04-15,1759.84,9158,560,15157,104
2018-04-16,1769.32,9159,561,15159,105
2018-04-17,1778.85,9161,563,15160,106
2018-04-18,1788.43,9162,565,15162,107
2018-04-19,1798.07,9164,566,15163,108
2018-04-20,1807.76,9165,567,15165,109
2018-04-21,1817.5,9166,569,15167,110
2018-04-22,1827.29,9168,571,15169,111
2018-04-23,1837.14,9170,573,15170,112
2018-04-24,1847.04,9171,574,15172,113
2018-04-25,1856.99,9172,576,15174,114
2018-04-26,1867.0,9174,577,15175,115
2018-04-27,1877.06,9175,578,15176,116
2018-04-28,1887.17,9176,580,15177,117
2018-04-29,1897.34,9178,582,15178,118
2018-04-30,1907.56,9179,583,15179,119
2018-05-01,1917.84,9180,585,15181,120
2018-05-02,1928.17,9182,586,15183,121
2018-05-03,1938.56,9184,588,15185,122
2018-05-04,1949.0,9186,589,15186,123
2018-05-05,1959.5,9187,590,15187,124
2018-05-06,1970.06,9188,591,15189,125
2018-05-07,1980.67,9190,592,15190,126
2018-05-08,1991.34,9191,593,15191,127
2018-05-09,2002.07,9193,594,15193,128
2018-05-10,2012.86,9194,596,15195,129
2018-05-11,2023.7,9195,598,15197,130
2018-05-12,2034.6,9197,599,15199,131
2018-05-13,2045.56,9199,600,15201,132
2018-05-14,2056.58,9201,602,15203,133
2018-05-15,2067.66,9203,603,15204,134
2018-05-16,2078.8,9205,604,15206,135
2018-05-17,2090.0,9206,605,15207,136
2018-05-18,2101.26,9208,606,15208,137
2018-05-19,2112.58,9209,607,15209,138
2018-05-20,2123.96,9210,609,15211,139
2018-05-21,2135.4,9211,610,15212,140
2018-05-22,2146.91,9213,612,15214,141
2018-05-23,2158.48,9214,614,15216,142
2018-05-24,2170.11,9216,615,15218,143
2018-05-25,2181.8,9218,617,15220,144
2018-05-26,2193.56,9220,619,15221,145
2018-05-27,2205.38,9221,620,15223,146
2018-05-28,2217.26,9223,622,15225,147
2018-05-29,2229.21,9224,623,15226,148
2018-05-30,2241.22,9226,624,15228,149
2018-05-31,2253.3,9227,626,15229,150
2018-06-01,2265.44,9229,628,15230,151
2018-06-02,2277.65,9230,629,15232,152
2018-06-03,2289.92,9232,631,15234,153
2018-06-04,2302.26,9233,633,15236,154
2018-06-05,2314.66,9234,635,15237,155
2018-06-06,2327.13,9236,637,15238,156
2018-06-07,2339.67,9237,638,15240,157
2018-06-08,2352.28,9238,640,15241,158
2018-06-09,2364.95,9239,642,15242,159
2018-06-10,2377.69,9241,643,15243,160
2018-06-11,2390.5,9242,645,15245,161
2018-06-12,2403.38,9243,647,15247,162
2018-06-13,2416.33,9245,648,15248,163
2018-06-14,2429.35,9246,650,15249,164
2018-06-15,2442.44,9248,652,15251,165
2018-06-16,2455.6,9249,654,15252,166
2018-06-17,2468.83,9250,655,15254,167
2018-06-18,2482.13,9251,657,15255,168
2018-06-19,2495.5,9252,659,15257,169
2018-06-20,2508.95,9253,661,15259,170
2018-06-21,2522.47,9255,662,15260,171
2018-06-22,2536.06,9257,664,15262,172
2018-06-23,2549.72,9259,666,15263,173
2018-06-24,2563.46,9260,668,15264,174
2018-06-25,2577.27,9262,670,15265,175
2018-06-26,2591.16,9264,671,15267,176
2018-06-27,2605.12,9266,672,15269,177
2018-06-28,2619.16,9267,673,15270,178
2018-06-29,2633.27,9268,675,15271,179
2018-06-30,2647.46,9270,677,15272,180
2018-07-01,2661.72,9272,678,15273,181
2018-07-02,2676.06,9273,679,15275,182
2018-07-03,2690.48,9275,681,15276,183
2018-07-04,2704.98,9276,683,15277,184
2018-07-05,2719.55,9278,684,15278,185
2018-07-06,2734.2,9280,686,15280,186
2018-07-07,2748.93,9282,688,15282,187
2018-07-08,2763.74,9283,690,15283,188
2018-07-09,2778.63,9285,692,15285,189
2018-07-10,2793.6,9286,694,15287,190
2018-07-11,2808.65,9288,695,15289,191
2018-07-12,2823.78,9289,696,15290,192
2018-07-13,2838.99,9290,698,15291,193
2018-07-14,2854.29,9292,699,15293,194
2018-07-15,2869.67,9294,700,15294,195
2018-07-16,2885.13,9295,701,15296,196
2018-07-17,2900.67,9297,702,15297,197
2018-07-18,2916.3,9298,704,15299,198
2018-07-19,2932.01,9299,705,15301,199
2018-07-20,2947.81,9301,706,15303,200
2018-07-21,2963.69,9302,708,15305,201
2018-07-22,2979.66,9304,710,15307,202
2018-07-23,2995.71,9305,711,15309,203
2018-07-24,3011.85,9306,712,15311,204
2018-07-25,3028.08,9307,713,15312,205
2018-07-26,3044.39,9309,715,15313,206
2018-07-27,3060.79,9310,716,15314,207
2018-07-28,3077.28,9311,718,15316,208
2018-07-29,3093.86,9312,719,15317,209
2018-07-30,3110.53,9314,721,15318,210
2018-07-31,3127.29,9315,723,15320,211
2018-08-01,3144.14,9316,724,15321,212
2018-08-02,3161.08,9318,725,15323,213
2018-08-03,3178.11,9319,726,15325,214
2018-08-04,3195.23,9321,728,15327,215
2018-08-05,3212.45,9322,730,15328,216
2018-08-06,3229.76,9323,732,15329,217
2018-08-07,3247.16,9324,734,15331,218
2018-08-08,3264.66,9325,735,15333,219
2018-08-09,3282.25,9326,737,15334,220
2018-08-10,3299.93,9327,739,15335,221
2018-08-11,3317.71,9328,740,15337,222
2018-08-12,3335.59,9330,742,15339,223
2018-08-13,3353.56,9331,744,15340,224
2018-08-14,3371.63,9332,745,15342,225
2018-08-15,3389.8,9333,747,15343,226
2018-08-16,3408.06,9334,749,15344,227
2018-08-17,3426.42,9336,751,15346,228
2018-08-18,3444.88,9338,752,15348,229
2018-08-19,3463.44,9339,753,15350,230
2018-08-20,3482.1,9341,754,15351,231
2018-08-21,3500.86,9343,755,15353,232
2018-08-22,3519.72,9345,757,15355,233
2018-08-23,3538.68,9346,758,15356,234
2018-08-24,3557.75,9347,760,15358,235
2018-08-25,3576.92,9348,762,15359,236
2018-08-26,3596.19,9349,764,15360,237
2018-08-27,3615.57,9351,766,15361,238
2018-08-28,3635.05,9353,767,15363,239
2018-08-29,3654.64,9355,768,15364,240
2018-08-30,3674.33,9356,769,15365,241
2018-08-31,3694.13,9358,770,15367,242
2018-09-01,3714.03,9359,771,15368,243
2018-09-02,3734.04,9360,773,15370,244
2018-09-03,3754.16,9361,774,15371,245
2018-09-04,3774.39,9362,775,15373,246
2018-09-05,3794.73,9364,776,15375,247
2018-09-06,3815.18,9366,777,15376,248
2018-09-07,3835.74,9368,779,15377,249
2018-09-08,3856.41,9370,780,15378,250
2018-09-09,3877.19,9372,782,15380,251
2018-09-10,3898.08,9374,784,15381,252
2018-09-11,3919.08,9375,786,15382,253
2018-09-12,3940.2,9377,788,15383,254
2018-09-13,3961.43,9379,789,15384,255
2018-09-14,3982.77,9380,790,15385,256
2018-09-15,4004.23,9381,791,15387,257
2018-09-16,4025.8,9382,792,15389,258
2018-09-17,4047.49,9383,793,15391,259
2018-09-18,4069.3,9384,795,15393,260
2018-09-19,4091.22,9386,796,15394,261
2018-09-20,4113.26,9388,798,15395,262
2018-09-21,4135.42,9390,799,15397,263
2018-09-22,4157.7,9391,801,15399,264
2018-09-23,4180.1,9392,802,15400,265
2018-09-24,4202.62,9393,803,15401,266
2018-09-25,4225.26,9395,805,15402,267
2018-09-26,4248.02,9397,807,15404,268
2018-09-27,4270.91,9398,808,15406,269
2018-09-28,4293.92,9399,810,15407,270
2018-09-29,4317.05,9401,812,15409,271
2018-09-30,4340.31,9402,813,15411,272
2018-10-01,4366.12,9406,815,15415,273
2018-10-02,4392.09,9409,817,15419,274
2018-10-03,4418.21,9413,818,15422,275
2018-10-04,4444.49,9416,819,15426,276
2018-10-05,4470.92,9420,820,15430,277
2018-10-06,4497.51,9424,822,15434,278
2018-10-07,4524.26,9428,823,15438,279
2018-10-08,4551.17,9432,825,15441,280
2018-10-09,4578.24,9435,827,15444,281
2018-10-10,4605.47,9439,828,15448,282
2018-10-11,4632.86,9442,829,15451,283
2018-10-12,4660.41,9446,830,15454,284
2018-10-13,4688.13,9449,832,15457,285
2018-10-14,4716.01,9452,834,15460,286
2018-10-15,4744.06,9456,835,15464,287
2018-10-16,4772.27,9460,837,15467,288
2018-10-17,4800.65,9463,838,15470,289
2018-10-18,4829.2,9466,839,15474,290
2018-10-19,4857.92,9470,841,15477,291
2018-10-20,4886.81,9473,843,15481,292
2018-10-21,4915.87,9477,844,15484,293
2018-10-22,4945.11,9481,845,15487,294
2018-10-23,4974.52,9484,847,15491,295
2018-10-24,5004.1,9488,849,15495,296
2018-10-25,5033.86,9491,851,15499,297
2018-10-26,5063.8,9495,852,15502,298
2018-10-27,5093.91,9498,853,15506,299
2018-10-28,5124.2,9502,855,15509,300
2018-10-29,5154.67,9505,856,15513,301
2018-10-30,5185.33,9508,857,15517,302
2018-10-31,5216.17,9512,859,15520,303
2018-11-01,5247.19,9516,860,15524,304
2018-11-02,5278.4,9519,862,15527,305
2018-11-03,5309.79,9522,864,15531,306
2018-11-04,5341.37,9526,866,15535,307
2018-11-05,5373.14,9530,867,15538,308
2018-11-06,5405.09,9534,868,15542,309
2018-11-07,5437.23,9537,869,15545,310
2018-11-08,5469.57,9541,870,15549,311
2018-11-09,5502.1,9544,872,15553,312
2018-11-10,5534.82,9548,874,15557,313
2018-11-11,5567.74,9551,876,15561,314
2018-11-12,5600.85,9554,878,15565,315
2018-11-13,5634.16,9557,880,15569,316
2018-11-14,5667.67,9561,881,15572,317
2018-11-15,5701.38,9564,882,15576,318
2018-11-16,5735.29,9567,883,15579,319
2018-11-17,5769.4,9570,884,15583,320
2018-11-18,5803.71,9573,885,15586,321
2018-11-19,5838.23,9577,886,15589,322
2018-11-20,5872.95,9580,887,15593,323
2018-11-21,5907.88,9584,888,15597,324
2018-11-22,5943.01,9587,890,15600,325
2018-11-23,5978.35,9590,892,15603,326
2018-11-24,6013.9,9594,893,15607,327
2018-11-25,6049.67,9598,895,15610,328
2018-11-26,6085.65,9602,896,15614,329
2018-11-27,6121.84,9605,897,15618,330
2018-11-28,6158.25,9609,899,15622,331
2018-11-29,6194.87,9613,901,15625,332
2018-11-30,6231.71,9616,902,15628,333
2018-12-01,6268.77,9620,903,15632,334
2018-12-02,6306.05,9623,905,15635,335
2018-12-03,6343.55,9626,907,15639,336
2018-12-04,6381.28,9629,909,15643,337
2018-12-05,6419.23,9632,911,15646,338
2018-12-06,6457.41,9635,912,15649,339
2018-12-07,6495.81,9639,914,15652,340
2018-12-08,6534.44,9642,916,15655,341
2018-12-09,6573.3,9645,917,15659,342
2018-12-10,6612.39,9648,918,15662,343
2018-12-11,6651.71,9652,920,15665,344
2018-12-12,6691.27,9656,921,15669,345
2018-12-13,6731.06,9659,923,15672,346
2018-12-14,6771.09,9662,924,15676,347
2018-12-15,6811.36,9665,925,15680,348
2018-12-16,6851.87,9668,926,15683,349
2018-12-17,6892.62,9671,927,15686,350
2018-12-18,6933.61,9674,929,15690,351
2018-12-19,6974.84,9678,931,15693,352
2018-12-20,7016.32,9682,932,15696,353
2018-12-21,7058.05,9686,933,15699,354
2018-12-22,7100.02,9689,935,15703,355
2018-12-23,7142.24,9692,937,15706,356
2018-12-24,7184.72,9696,938,15710,357
2018-12-25,7227.45,9699,940,15713,358
2018-12-26,7270.43,9703,942,15716,359
2018-12-27,7313.67,9707,944,15719,360
2018-12-28,7357.17,9710,946,15723,361
2018-12-29,7400.92,9713,947,15726,362
2018-12-30,7444.93,9716,949,15729,363
2018-12-31,7489.21,9720,951,15732,364
2019-01-01,7488.23,9721,952,15734,365
2019-01-02,7487.25,9723,954,15736,366
2019-01-03,7486.27,9724,956,15738,367
2019-01-04,7485.29,9725,957,15740,368
2019-01-05,7484.31,9727,958,15741,369
2019-01-06,7483.33,9729,960,15743,370
2019-01-07,7482.35,9731,962,15744,371
2019-01-08,7481.37,9733,964,15745,372
2019-01-09,7480.39,9734,966,15747,373
2019-01-10,7479.41,9735,967,15749,374
2019-01-11,7478.43,9737,968,15750,375
2019-01-12,7477.45,9738,969,15752,376
2019-01-13,7476.47,9740,971,15754,377
2019-01-14,7475.49,9741,973,15755,378
2019-01-15,7474.51,9742,974,15756,379
2019-01-16,7473.53,9744,976,15757,380
2019-01-17,7472.55,9746,977,15759,381
2019-01-18,7471.57,9748,979,15760,382
2019-01-19,7470.59,9749,981,15762,383
2019-01-20,7469.61,9750,982,15763,384
2019-01-21,7468.63,9751,983,15764,385
2019-01-22,7467.65,9753,985,15766,386
2019-01-23,7466.67,9754,986,15767,387
2019-01-24,7465.69,9756,988,15769,388
2019-01-25,7464.71,9758,990,15771,389
2019-01-26,7463.73,9759,992,15773,390
2019-01-27,7462.75,9761,994,15775,391
2019-01-28,7461.77,9762,995,15777,392
2019-01-29,7460.79,9764,996,15778,393
2019-01-30,7459.81,9766,998,15779,394
2019-01-31,7458.83,9768,1000,15780,395
2019-02-01,7457.85,9770,1002,15781,396
2019-02-02,7456.87,9771,1004,15783,397
2019-02-03,7455.89,9773,1006,15785,398
2019-02-04,7454.91,9775,1007,15787,399
2019-02-05,7453.93,9777,1009,15788,400
2019-02-06,7452.95,9779,1010,15789,401
2019-02-07,7451.97,9780,1011,15791,402
2019-02-08,7450.99,9782,1012,15793,403
2019-02-09,7450.01,9784,1014,15794,404
2019-02-10,7449.03,9786,1016,15796,405
2019-02-11,7448.05,9788,1018,15798,406
2019-02-12,7447.07,9789,1019,15800,407
2019-02-13,7446.09,9791,1021,15801,408
2019-02-14,7445.11,9793,1023,15803,409
2019-02-15,7444.13,9794,1024,15804,410
2019-02-16,7443.15,9795,1026,15806,411
2019-02-17,7442.17,9796,1028,15807,412
2019-02-18,7441.19,9797,1030,15808,413
2019-02-19,7440.21,9799,1032,15810,414
2019-02-20,7439.23,9801,1034,15811,415
2019-02-21,7438.25,9802,1036,15812,416
2019-02-22,7437.27,9804,1038,15813,417
2019-02-23,7436.29,9806,1040,15814,418
2019-02-24,7435.31,9807,1042,15815,419
2019-02-25,7434.33,9809,1043,15816,420
2019-02-26,7433.35,9811,1045,15818,421
2019-02-27,7432.37,9812,1046,15820,422
2019-02-28,7431.39,9813,1047,15821,423
2019-03-01,7430.41,9815,1048,15823,424
2019-03-02,7429.43,9817,1049,15825,425
2019-03-03,7428.45,9819,1050,15827,426
2019-03-04,7427.47,9820,1052,15829,427
2019-03-05,7426.49,9821,1054,15830,428
2019-03-06,7425.51,9823,1055,15831,429
2019-03-07,7424.53,9825,1056,15833,430
2019-03-08,7423.55,9826,1058,15835,431
2019-03-09,7422.57,9828,1060,15837,432
2019-03-10,7421.59,9830,1061,15839,433
2019-03-11,7420.61,9831,1063,15840,434
2019-03-12,7419.63,9833,1064,15841,435
2019-03-13,7418.65,9834,1065,15843,436
2019-03-14,7417.67,9836,1066,15844,437
2019-03-15,7416.69,9838,1068,15845,438
2019-03-16,7415.71,9839,1069,15847,439
2019-03-17,7414.73,9841,1071,15848,440
2019-03-18,7413.75,9843,1073,15849,441
2019-03-19,7412.77,9844,1074,15851,442
2019-03-20,7411.79,9845,1076,15853,443
2019-03-21,7410.81,9847,1077,15855,444
2019-03-22,7409.83,9849,1079,15856,445
2019-03-23,7408.85,9851,1080,15857,446
2019-03-24,7407.87,9853,1082,15858,447
2019-03-25,7406.89,9854,1084,15860,448
2019-03-26,7405.91,9855,1085,15862,449
2019-03-27,7404.93,9856,1086,15864,450
2019-03-28,7403.95,9857,1087,15866,451
2019-03-29,7402.97,9858,1088,15867,452
2019-03-30,7401.99,9860,1090,15868,453
2019-03-31,7401.01,9861,1092,15869,454
2019-04-01,7400.03,9862,1094,15870,455
2019-04-02,7399.05,9864,1096,15872,456
2019-04-03,7398.07,9866,1097,15874,457
2019-04-04,7397.09,9868,1099,15876,458
2019-04-05,7396.11,9870,1100,15877,459
2019-04-06,7395.13,9872,1101,15879,460
2019-04-07,7394.15,9873,1103,15881,461
2019-04-08,7393.17,9875,1104,15882,462
2019-04-09,7392.19,9876,1105,15883,463
2019-04-10,7391.21,9878,1106,15885,464
2019-04-11,7390.23,9879,1108,15886,465
2019-04-12,7389.25,9880,1110,15887,466
2019-04-13,7388.27,9882,1111,15888,467
2019-04-14,7387.29,9884,1112,15890,468
2019-04-15,7386.31,9886,1113,15891,469
2019-04-16,7385.33,9887,1115,15893,470
2019-04-17,7384.35,9888,1116,15895,471
2019-04-18,7383.37,9889,1118,15897,472
2019-04-19,7382.39,9890,1119,15899,473
2019-04-20,7381.41,9892,1120,15901,474
2019-04-21,7380.43,9893,1122,15903,475
2019-04-22,7379.45,9894,1124,15904,476
2019-04-23,7378.47,9896,1126,15906,477
2019-04-24,7377.49,9897,1128,15907,478
2019-04-25,7376.51,9898,1129,15908,479
2019-04-26,7375.53,9900,1130,15910,480
2019-04-27,7374.55,9901,1132,15911,481
2019-04-28,7373.57,9903,1133,15913,482
2019-04-29,7372.59,9905,1135,15915,483
2019-04-30,7371.61,9907,1136,15916,484
2019-05-01,7370.63,9908,1137,15918,485
2019-05-02,7369.65,9909,1139,15919,486
2019-05-03,7368.67,9911,1140,15921,487
2019-05-04,7367.69,9913,1141,15922,488
2019-05-05,7366.71,9915,1142,15923,489
2019-05-06,7365.73,9916,1144,15925,490
2019-05-07,7364.75,9917,1145,15927,491
2019-05-08,7363.77,9919,1147,15928,492
2019-05-09,7362.79,9921,1148,15930,493
2019-05-10,7361.81,9922,1150,15932,494
2019-05-11,7360.83,9923,1151,15933,495
2019-05-12,7359.85,9924,1153,15935,496
2019-05-13,7358.87,9926,1155,15937,497
2019-05-14,7357.89,9927,1157,15938,498
2019-05-15,7356.91,9928,1159,15940,499
2019-05-16,7355.93,9929,1160,15942,500
2019-05-17,7354.95,9931,1162,15943,501
2019-05-18,7353.97,9933,1163,15944,502
2019-05-19,7352.99,9934,1165,15946,503
2019-05-20,7352.01,9936,1167,15948,504
2019-05-21,7351.03,9937,1168,15950,505
2019-05-22,7350.05,9939,1170,15952,506
2019-05-23,7349.07,9940,1172,15953,507
2019-05-24,7348.09,9942,1174,15954,508
2019-05-25,7347.11,9943,1175,15955,509
2019-05-26,7346.13,9944,1177,15956,510
2019-05-27,7345.15,9946,1178,15958,511
2019-05-28,7344.17,9947,1179,15959,512
2019-05-29,7343.19,9949,1181,15960,513
2019-05-30,7342.21,9951,1182,15962,514
2019-05-31,7341.23,9952,1183,15963,515
2019-06-01,7340.25,9953,1185,15965,516
2019-06-02,7339.27,9954,1186,15966,517
2019-06-03,7338.29,9955,1187,15968,518
2019-06-04,7337.31,9957,1189,15970,519
2019-06-05,7336.33,9959,1190,15971,520
2019-06-06,7335.35,9961,1191,15973,521
2019-06-07,7334.37,9963,1193,15974,522
2019-06-08,7333.39,9964,1195,15975,523
2019-06-09,7332.41,9965,1196,15977,524
2019-06-10,7331.43,9967,1198,15978,525
2019-06-11,7330.45,9969,1200,15980,526
2019-06-12,7329.47,9971,1202,15982,527
2019-06-13,7328.49,9972,1204,15984,528
2019-06-14,7327.51,9974,1206,15985,529
2019-06-15,7326.53,9975,1208,15987,530
2019-06-16,7325.55,9977,1210,15988,531
2019-06-17,7324.57,9978,1212,15990,532
2019-06-18,7323.59,9979,1214,15992,533
2019-06-19,7322.61,9980,1215,15993,534
2019-06-20,7321.63,9982,1217,15994,535
2019-06-21,7320.65,9984,1218,15995,536
2019-06-22,7319.67,9985,1220,15996,537
2019-06-23,7318.69,9987,1222,15997,538
2019-06-24,7317.71,9989,1223,15999,539
2019-06-25,7316.73,9991,1224,16001,540
2019-06-26,7315.75,9992,1226,16002,541
2019-06-27,7314.77,9994,1227,16003,542
2019-06-28,7313.79,9995,1229,16004,543
2019-06-29,7312.81,9997,1230,16006,544
2019-06-30,7311.83,9998,1231,16007,545
2019-07-01,7310.85,9999,1232,16008,546
2019-07-02,7309.87,10000,1234,16010,547
2019-07-03,7308.89,10002,1235,16012,548
2019-07-04,7307.91,10004,1236,16013,549
2019-07-05,7306.93,10005,1238,16014,550
2019-07-06,7305.95,10006,1239,16016,551
2019-07-07,7304.97,10008,1241,16018,552
2019-07-08,7303.99,10009,1243,16020,553
2019-07-09,7303.01,10011,1245,16022,554
2019-07-10,7302.03,10012,1246,16023,555
2019-07-11,7301.05,10014,1247,16025,556
2019-07-12,7300.07,10016,1248,16026,557
2019-07-13,7299.09,10018,1250,16027,558
2019-07-14,7298.11,10020,1251,16029,559
2019-07-15,7297.13,10022,1252,16031,560
2019-07-16,7296.15,10024,1253,16032,561
2019-07-17,7295.17,10026,1255,16034,562
2019-07-18,7294.19,10028,1257,16035,563
2019-07-19,7293.21,10030,1258,16036,564
2019-07-20,7292.23,10032,1259,16038,565
2019-07-21,7291.25,10033,1261,16040,566
2019-07-22,7290.27,10035,1263,16042,567
2019-07-23,7289.29,10036,1264,16044,568
2019-07-24,7288.31,10038,1266,16045,569
2019-07-25,7287.33,10039,1268,16047,570
2019-07-26,7286.35,10041,1269,16048,571
2019-07-27,7285.37,10042,1270,16049,572
2019-07-28,7284.39,10044,1272,16050,573
2019-07-29,7283.41,10046,1274,16051,574
2019-07-30,7282.43,10047,1276,16053,575
2019-07-31,7281.45,10048,1278,16055,576
2019-08-01,7280.47,10049,1279,16056,577
2019-08-02,7279.49,10050,1281,16058,578
2019-08-03,7278.51,10052,1282,16060,579
2019-08-04,7277.53,10054,1284,16062,580
2019-08-05,7276.55,10055,1285,16063,581
2019-08-06,7275.57,10056,1287,16065,582
2019-08-07,7274.59,10057,1288,16067,583
2019-08-08,7273.61,10059,1289,16069,584
2019-08-09,7272.63,10060,1291,16071,585
2019-08-10,7271.65,10061,1293,16073,586
2019-08-11,7270.67,10062,1295,16075,587
2019-08-12,7269.69,10064,1296,16076,588
2019-08-13,7268.71,10066,1297,16078,589
2019-08-14,7267.73,10067,1299,16079,590
2019-08-15,7266.75,10068,1301,16081,591
2019-08-16,7265.77,10069,1302,16083,592
2019-08-17,7264.79,10070,1303,16084,593
2019-08-18,7263.81,10071,1304,16086,594
2019-08-19,7262.83,10072,1305,16087,595
2019-08-20,7261.85,10074,1307,16089,596
2019-08-21,7260.87,10076,1309,16090,597
2019-08-22,7259.89,10078,1311,16091,598
2019-08-23,7258.91,10079,1312,16092,599
2019-08-24,7257.93,10080,1314,16093,600
2019-08-25,7256.95,10082,1316,16095,601
2019-08-26,7255.97,10084,1318,16096,602
2019-08-27,7254.99,10085,1319,16097,603
2019-08-28,7254.01,10086,1320,16098,604
2019-08-29,7253.03,10087,1321,16100,605
2019-08-30,7252.05,10089,1323,16102,606
2019-08-31,7251.07,10090,1324,16103,607
2019-09-01,7250.09,10091,1325,16105,608
2019-09-02,7249.11,10092,1326,16106,609
2019-09-03,7248.13,10094,1327,16108,610
2019-09-04,7247.15,10095,1329,16109,611
2019-09-05,7246.17,10097,1331,16111,612
2019-09-06,7245.19,10099,1332,16113,613
2019-09-07,7244.21,10100,1334,16114,614
2019-09-08,7243.23,10102,1336,16115,615
2019-09-09,7242.25,10103,1338,16116,616
2019-09-10,7241.27,10104,1339,16118,617
2019-09-11,7240.29,10105,1341,16119,618
2019-09-12,7239.31,10107,1343,16120,619
2019-09-13,7238.33,10108,1345,16121,620
2019-09-14,7237.35,10109,1346,16122,621
2019-09-15,7236.37,10111,1347,16124,622
2019-09-16,7235.39,10112,1348,16125,623
2019-09-17,7234.41,10113,1349,16127,624
2019-09-18,7233.43,10114,1351,16128,625
2019-09-19,7232.45,10115,1352,16130,626
2019-09-20,7231.47,10117,1354,16131,627
2019-09-21,7230.49,10119,1355,16132,628
2019-09-22,7229.51,10120,1357,16133,629
2019-09-23,7228.53,10121,1358,16135,630
2019-09-24,7227.55,10122,1359,16136,631
2019-09-25,7226.57,10123,1361,16138,632
2019-09-26,7225.59,10125,1363,16139,633
2019-09-27,7224.61,10127,1365,16141,634
2019-09-28,7223.63,10128,1366,16142,635
2019-09-29,7222.65,10129,1367,16143,636
2019-09-30,7221.67,10130,1369,16144,637
2019-10-01,7220.97,10134,1370,16148,638
2019-10-02,7220.27,10137,1372,16152,639
2019-10-03,7219.57,10141,1373,16155,640
2019-10-04,7218.87,10144,1374,16159,641
2019-10-05,7218.17,10148,1376,16162,642
2019-10-06,7217.47,10151,1378,16166,643
2019-10-07,7216.77,10155,1379,16169,644
2019-10-08,7216.07,10158,1381,16172,645
2019-10-09,7215.37,10162,1383,16175,646
2019-10-10,7214.67,10166,1385,16178,647
2019-10-11,7213.97,10170,1386,16181,648
2019-10-12,7213.27,10173,1387,16185,649
2019-10-13,7212.57,10176,1389,16188,650
2019-10-14,7211.87,10180,1391,16191,651
2019-10-15,7211.17,10184,1393,16195,652
2019-10-16,7210.47,10187,1394,16198,653
2019-10-17,7209.77,10190,1395,16202,654
2019-10-18,7209.07,10193,1397,16205,655
2019-10-19,7208.37,10196,1399,16208,656
2019-10-20,7207.67,10199,1400,16211,657
2019-10-21,7206.97,10203,1401,16215,658
2019-10-22,7206.27,10207,1402,16218,659
2019-10-23,7205.57,10210,1403,16222,660
2019-10-24,7204.87,10214,1405,16225,661
2019-10-25,7204.17,10218,1406,16229,662
2019-10-26,7203.47,10222,1407,16233,663
2019-10-27,7202.77,10225,1408,16236,664
2019-10-28,7202.07,10229,1409,16239,665
2019-10-29,7201.37,10233,1410,16243,666
2019-10-30,7200.67,10237,1411,16246,667
2019-10-31,7199.97,10241,1412,16250,668
2019-11-01,7199.27,10245,1414,16254,669
2019-11-02,7198.57,10248,1415,16258,670
2019-11-03,7197.87,10251,1417,16261,671
2019-11-04,7197.17,10255,1418,16264,672
2019-11-05,7196.47,10259,1420,16267,673
2019-11-06,7195.77,10262,1422,16270,674
2019-11-07,7195.07,10266,1424,16273,675
2019-11-08,7194.37,10269,1425,16277,676
2019-11-09,7193.67,10272,1427,16281,677
2019-11-10,7192.97,10276,1429,16285,678
2019-11-11,7192.27,10279,1431,16289,679
2019-11-12,7191.57,10283,1433,16292,680
2019-11-13,7190.87,10287,1435,16295,681
2019-11-14,7190.17,10290,1437,16299,682
2019-11-15,7189.47,10293,1439,16302,683
2019-11-16,7188.77,10297,1440,16305,684
2019-11-17,7188.07,10301,1441,16308,685
2019-11-18,7187.37,10304,1442,16311,686
2019-11-19,7186.67,10308,1443,16314,687
2019-11-20,7185.97,10311,1444,16317,688
2019-11-21,7185.27,10314,1446,16321,689
2019-11-22,7184.57,10318,1447,16324,690
2019-11-23,7183.87,10322,1448,16328,691
2019-11-24,7183.17,10325,1449,16331,692
2019-11-25,7182.47,10328,1451,16335,693
2019-11-26,7181.77,10332,1453,16339,694
2019-11-27,7181.07,10335,1454,16343,695
2019-11-28,7180.37,10338,1456,16346,696
2019-11-29,7179.67,10342,1458,16349,697
2019-11-30,7178.97,10346,1460,16352,698
2019-12-01,7178.27,10349,1461,16355,699
2019-12-02,7177.57,10352,1462,16358,700
2019-12-03,7176.87,10355,1463,16362,701
2019-12-04,7176.17,10358,1464,16365,702
2019-12-05,7175.47,10361,1466,16368,703
2019-12-06,7174.77,10364,1468,16371,704
2019-12-07,7174.07,10368,1470,16374,705
2019-12-08,7173.37,10371,1471,16378,706
2019-12-09,7172.67,10374,1472,16381,707
2019-12-10,7171.97,10378,1473,16385,708
2019-12-11,7171.27,10382,1475,16388,709
2019-12-12,7170.57,10386,1476,16391,710
2019-12-13,7169.87,10389,1478,16394,711
2019-12-14,7169.17,10393,1480,16398,712
2019-12-15,7168.47,10396,1482,16401,713
2019-12-16,7167.77,10400,1483,16405,714
2019-12-17,7167.07,10403,1485,16408,715
2019-12-18,7166.37,10407,1487,16411,716
2019-12-19,7165.67,10411,1489,16415,717
2019-12-20,7164.97,10414,1490,16419,718
2019-12-21,7164.27,10417,1491,16423,719
2019-12-22,7163.57,10421,1493,16426,720
2019-12-23,7162.87,10425,1495,16430,721
2019-12-24,7162.17,10429,1496,16433,722
2019-12-25,7161.47,10432,1498,16437,723
2019-12-26,7160.77,10435,1500,16441,724
2019-12-27,7160.07,10439,1502,16444,725
2019-12-28,7159.37,10442,1504,16448,726
2019-12-29,7158.67,10446,1506,16451,727
2019-12-30,7157.97,10450,1508,16454,728
2019-12-31,7157.27,10454,1510,16458,729
2020-01-01,7199.0,10455,1512,16459,730
2020-01-02,7240.97,10457,1514,16460,731
2020-01-03,7283.19,10459,1515,16461,732
2020-01-04,7325.66,10461,1517,16463,733
2020-01-05,7368.37,10463,1519,16464,734
2020-01-06,7411.33,10465,1520,16466,735
2020-01-07,7454.54,10467,1521,16468,736
2020-01-08,7498.0,10469,1523,16469,737
2020-01-09,7541.72,10471,1524,16471,738
2020-01-10,7585.69,10473,1526,16472,739
2020-01-11,7629.92,10475,1528,16473,740
2020-01-12,7674.41,10477,1529,16474,741
2020-01-13,7719.16,10478,1530,16475,742
2020-01-14,7764.17,10480,1532,16476,743
2020-01-15,7809.44,10482,1533,16478,744
2020-01-16,7854.97,10484,1534,16480,745
2020-01-17,7900.77,10485,1535,16482,746
2020-01-18,7946.84,10487,1537,16483,747
2020-01-19,7993.18,10489,1538,16485,748
2020-01-20,8039.79,10491,1540,16486,749
2020-01-21,8086.67,10493,1541,16488,750
2020-01-22,8133.82,10494,1542,16489,751
2020-01-23,8181.25,10495,1543,16491,752
2020-01-24,8228.95,10497,1545,16492,753
2020-01-25,8276.93,10498,1547,16493,754
2020-01-26,8325.19,10499,1548,16494,755
2020-01-27,8373.73,10500,1550,16495,756
2020-01-28,8422.55,10501,1552,16496,757
2020-01-29,8471.66,10502,1554,16498,758
2020-01-30,8521.06,10503,1556,16499,759
2020-01-31,8570.74,10504,1557,16500,760
2020-02-01,8620.71,10506,1559,16502,761
2020-02-02,8670.97,10508,1560,16504,762
2020-02-03,8721.53,10510,1561,16505,763
2020-02-04,8772.38,10511,1563,16507,764
2020-02-05,8823.53,10513,1564,16509,765
2020-02-06,8874.98,10514,1565,16511,766
2020-02-07,8926.73,10516,1566,16512,767
2020-02-08,8978.78,10517,1567,16514,768
2020-02-09,9031.13,10518,1569,16516,769
2020-02-10,9083.79,10519,1570,16518,770
2020-02-11,9136.75,10521,1571,16520,771
2020-02-12,9190.02,10523,1573,16522,772
2020-02-13,9243.6,10524,1575,16524,773
2020-02-14,9297.5,10526,1576,16525,774
2020-02-15,9351.71,10527,1578,16526,775
2020-02-16,9406.24,10529,1579,16527,776
2020-02-17,9461.08,10531,1580,16528,777
2020-02-18,9516.24,10532,1582,16530,778
2020-02-19,9571.73,10534,1583,16532,779
2020-02-20,9627.54,10535,1585,16534,780
2020-02-21,9683.67,10536,1586,16536,781
2020-02-22,9740.13,10537,1588,16537,782
2020-02-23,9796.92,10539,1590,16538,783
2020-02-24,9854.04,10540,1592,16539,784
2020-02-25,9911.5,10541,1593,16540,785
2020-02-26,9969.29,10543,1594,16541,786
2020-02-27,10027.42,10544,1596,16543,787
2020-02-28,10085.89,10546,1598,16544,788
2020-02-29,10144.7,10547,1599,16545,789
2020-03-01,10203.85,10549,1601,16546,790
2020-03-02,10263.35,10550,1602,16548,791
2020-03-03,10323.19,10552,1604,16549,792
2020-03-04,10383.38,10554,1605,16550,793
2020-03-05,10443.92,10556,1607,16551,794
2020-03-06,10504.82,10557,1609,16553,795
2020-03-07,10566.07,10559,1610,16554,796
2020-03-08,10627.68,10560,1611,16556,797
2020-03-09,10689.65,10562,1613,16557,798
2020-03-10,10751.98,10563,1614,16559,799
2020-03-11,10814.67,10565,1615,16561,800
2020-03-12,10877.73,10567,1616,16563,801
2020-03-13,10941.15,10569,1618,16565,802
2020-03-14,11004.94,10571,1620,16566,803
2020-03-15,11069.11,10573,1622,16567,804
2020-03-16,11133.65,10574,1624,16569,805
2020-03-17,11198.57,10576,1625,16570,806
2020-03-18,11263.87,10577,1627,16572,807
2020-03-19,11329.55,10578,1629,16573,808
2020-03-20,11395.61,10580,1630,16575,809
2020-03-21,11462.05,10582,1632,16577,810
2020-03-22,11528.88,10584,1634,16579,811
2020-03-23,11596.1,10586,1635,16580,812
2020-03-24,11663.71,10588,1636,16582,813
2020-03-25,11731.72,10589,1638,16584,814
2020-03-26,11800.12,10591,1639,16586,815
2020-03-27,11868.92,10593,1640,16588,816
2020-03-28,11938.12,10594,1641,16589,817
2020-03-29,12007.73,10596,1642,16591,818
2020-03-30,12077.74,10597,1643,16592,819
2020-03-31,12148.16,10598,1644,16594,820
2020-04-01,12218.99,10599,1645,16596,821
2020-04-02,12290.23,10601,1647,16597,822
2020-04-03,12361.89,10602,1649,16598,823
2020-04-04,12433.97,10603,1651,16600,824
2020-04-05,12506.47,10605,1653,16601,825
2020-04-06,12579.39,10607,1654,16602,826
2020-04-07,12652.74,10608,1655,16604,827
2020-04-08,12726.51,10610,1656,16606,828
2020-04-09,12800.71,10611,1658,16607,829
2020-04-10,12875.35,10613,1660,16609,830
2020-04-11,12950.42,10614,1662,16611,831
2020-04-12,13025.93,10616,1664,16613,832
2020-04-13,13101.88,10618,1665,16615,833
2020-04-14,13178.27,10620,1666,16616,834
2020-04-15,13255.11,10621,1667,16617,835
2020-04-16,13332.4,10623,1669,16618,836
2020-04-17,13410.14,10625,1671,16620,837
2020-04-18,13488.33,10626,1673,16622,838
2020-04-19,13566.98,10627,1675,16623,839
2020-04-20,13646.08,10628,1677,16625,840
2020-04-21,13725.65,10629,1679,16627,841
2020-04-22,13805.68,10631,1681,16629,842
2020-04-23,13886.18,10633,1682,16631,843
2020-04-24,13967.15,10634,1683,16633,844
2020-04-25,14048.59,10635,1684,16635,845
2020-04-26,14130.5,10636,1686,16637,846
2020-04-27,14212.89,10637,1687,16639,847
2020-04-28,14295.76,10639,1688,16641,848
2020-04-29,14379.11,10641,1689,16643,849
2020-04-30,14462.95,10643,1690,16645,850
2020-05-01,14547.28,10644,1692,16647,851
2020-05-02,14632.1,10646,1693,16648,852
2020-05-03,14717.41,10647,1695,16649,853
2020-05-04,14803.22,10649,1697,16650,854
2020-05-05,14889.53,10651,1698,16651,855
2020-05-06,14976.35,10652,1700,16652,856
2020-05-07,15063.67,10654,1702,16653,857
2020-05-08,15151.5,10655,1704,16655,858
2020-05-09,15239.84,10657,1706,16657,859
2020-05-10,15328.7,10659,1707,16658,860
2020-05-11,15418.08,10660,1708,16660,861
2020-05-12,15507.98,10662,1710,16662,862
2020-05-13,15598.4,10663,1712,16664,863
2020-05-14,15689.35,10665,1714,16666,864
2020-05-15,15780.83,10666,1715,16668,865
2020-05-16,15872.84,10668,1717,16670,866
2020-05-17,15965.39,10670,1719,16672,867
2020-05-18,16058.48,10671,1721,16673,868
2020-05-19,16152.11,10673,1722,16674,869
2020-05-20,16246.29,10675,1724,16675,870
2020-05-21,16341.02,10677,1726,16677,871
2020-05-22,16436.3,10679,1728,16679,872
2020-05-23,16532.13,10681,1729,16680,873
2020-05-24,16628.52,10683,1730,16681,874
2020-05-25,16725.48,10685,1732,16682,875
2020-05-26,16823.0,10687,1733,16683,876
2020-05-27,16921.09,10689,1735,16685,877
2020-05-28,17019.75,10690,1737,16687,878
2020-05-29,17118.99,10691,1738,16689,879
2020-05-30,17218.81,10693,1740,16690,880
2020-05-31,17319.21,10694,1742,16691,881
2020-06-01,17420.19,10695,1744,16693,882
2020-06-02,17521.76,10696,1745,16695,883
2020-06-03,17623.92,10697,1747,16697,884
2020-06-04,17726.68,10699,1749,16698,885
2020-06-05,17830.04,10700,1750,16700,886
2020-06-06,17934.0,10702,1752,16701,887
2020-06-07,18038.57,10703,1753,16703,888
2020-06-08,18143.75,10705,1754,16704,889
2020-06-09,18249.54,10706,1755,16706,890
2020-06-10,18355.95,10708,1757,16708,891
2020-06-11,18462.98,10709,1759,16710,892
2020-06-12,18570.63,10710,1760,16712,893
2020-06-13,18678.91,10711,1761,16713,894
2020-06-14,18787.82,10712,1762,16714,895
2020-06-15,18897.37,10714,1764,16716,896
2020-06-16,19007.55,10715,1765,16717,897
2020-06-17,19118.38,10717,1767,16718,898
2020-06-18,19229.85,10719,1768,16720,899
2020-06-19,19341.97,10721,1769,16721,900
2020-06-20,19454.75,10722,1770,16722,901
2020-06-21,19568.18,10724,1771,16723,902
2020-06-22,19682.28,10725,1772,16724,903
2020-06-23,19797.04,10727,1773,16726,904
2020-06-24,19912.47,10728,1774,16728,905
2020-06-25,20028.57,10729,1776,16729,906
2020-06-26,20145.35,10730,1777,16731,907
2020-06-27,20262.81,10731,1778,16732,908
2020-06-28,20380.96,10732,1779,16734,909
2020-06-29,20499.79,10733,1781,16735,910
2020-06-30,20619.32,10734,1783,16736,911
2020-07-01,20739.54,10736,1785,16737,912
2020-07-02,20860.47,10738,1787,16739,913
2020-07-03,20982.1,10739,1789,16740,914
2020-07-04,21104.44,10741,1790,16741,915
2020-07-05,21227.49,10743,1791,16742,916
2020-07-06,21351.26,10744,1793,16743,917
2020-07-07,21475.75,10745,1794,16745,918
2020-07-08,21600.97,10746,1796,16747,919
2020-07-09,21726.92,10747,1798,16749,920
2020-07-10,21853.6,10748,1799,16750,921
2020-07-11,21981.02,10749,1801,16752,922
2020-07-12,22109.18,10750,1802,16753,923
2020-07-13,22238.09,10751,1803,16755,924
2020-07-14,22367.75,10753,1804,16756,925
2020-07-15,22498.17,10755,1805,16758,926
2020-07-16,22629.35,10757,1806,16760,927
2020-07-17,22761.29,10759,1807,16762,928
2020-07-18,22894.0,10761,1809,16763,929
2020-07-19,23027.49,10763,1811,16765,930
2020-07-20,23161.76,10764,1812,16766,931
2020-07-21,23296.81,10765,1814,16767,932
2020-07-22,23432.65,10766,1816,16769,933
2020-07-23,23569.28,10768,1818,16771,934
2020-07-24,23706.7,10770,1820,16772,935
2020-07-25,23844.93,10772,1821,16773,936
2020-07-26,23983.96,10773,1823,16775,937
2020-07-27,24123.8,10775,1824,16776,938
2020-07-28,24264.46,10776,1826,16778,939
2020-07-29,24405.94,10777,1828,16779,940
2020-07-30,24548.24,10779,1830,16781,941
2020-07-31,24691.37,10781,1832,16782,942
2020-08-01,24835.34,10783,1834,16783,943
2020-08-02,24980.15,10785,1836,16785,944
2020-08-03,25125.8,10786,1837,16786,945
2020-08-04,25272.3,10787,1838,16788,946
2020-08-05,25419.65,10788,1839,16789,947
2020-08-06,25567.86,10790,1841,16790,948
2020-08-07,25716.94,10792,1843,16792,949
2020-08-08,25866.89,10794,1844,16793,950
2020-08-09,26017.71,10796,1846,16795,951
2020-08-10,26169.41,10798,1848,16796,952
2020-08-11,26322.0,10799,1849,16797,953
2020-08-12,26475.47,10800,1851,16799,954
2020-08-13,26629.84,10802,1853,16800,955
2020-08-14,26785.11,10804,1855,16802,956
2020-08-15,26941.29,10805,1857,16803,957
2020-08-16,27098.38,10807,1858,16804,958
2020-08-17,27256.38,10808,1860,16806,959
2020-08-18,27415.3,10809,1861,16807,960
2020-08-19,27575.15,10811,1863,16809,961
2020-08-20,27735.93,10813,1864,16811,962
2020-08-21,27897.65,10815,1866,16812,963
2020-08-22,28060.31,10816,1867,16813,964
2020-08-23,28223.92,10818,1869,16814,965
2020-08-24,28388.48,10819,1870,16815,966
2020-08-25,28554.0,10821,1871,16816,967
2020-08-26,28720.49,10822,1873,16817,968
2020-08-27,28887.95,10824,1874,16818,969
2020-08-28,29056.39,10825,1876,16820,970
2020-08-29,29225.81,10827,1878,16821,971
2020-08-30,29396.22,10828,1880,16823,972
2020-08-31,29567.62,10829,1881,16824,973
2020-09-01,29740.02,10831,1882,16825,974
2020-09-02,29913.42,10832,1884,16827,975
2020-09-03,30087.84,10834,1886,16828,976
2020-09-04,30263.27,10836,1887,16829,977
2020-09-05,30439.73,10838,1889,16831,978
2020-09-06,30617.21,10839,1890,16833,979
2020-09-07,30795.73,10841,1892,16835,980
2020-09-08,30975.29,10843,1893,16837,981
2020-09-09,31155.9,10845,1895,16839,982
2020-09-10,31337.56,10846,1896,16841,983
2020-09-11,31520.28,10847,1898,16843,984
2020-09-12,31704.06,10849,1899,16844,985
2020-09-13,31888.92,10851,1901,16845,986
2020-09-14,32074.85,10852,1903,16846,987
2020-09-15,32261.87,10854,1904,16848,988
2020-09-16,32449.98,10855,1906,16850,989
2020-09-17,32639.19,10857,1907,16852,990
2020-09-18,32829.5,10859,1908,16854,991
2020-09-19,33020.92,10861,1909,16855,992
2020-09-20,33213.45,10863,1911,16857,993
2020-09-21,33407.11,10865,1912,16859,994
2020-09-22,33601.9,10866,1914,16860,995
2020-09-23,33797.82,10868,1916,16862,996
2020-09-24,33994.88,10870,1918,16864,997
2020-09-25,34193.09,10872,1920,16866,998
2020-09-26,34392.46,10873,1922,16868,999
2020-09-27,34592.99,10874,1923,16869,1000
2020-09-28,34794.69,10875,1925,16870,1001
2020-09-29,34997.57,10877,1927,16872,1002
2020-09-30,35201.63,10878,1929,16873,1003
2020-10-01,35200.59,10881,1930,16876,1004
2020-10-02,35199.55,10884,1931,16879,1005
2020-10-03,35198.51,10887,1933,16883,1006
2020-10-04,35197.47,10891,1934,16887,1007
2020-10-05,35196.43,10895,1935,16890,1008
2020-10-06,35195.39,10899,1937,16894,1009
2020-10-07,35194.35,10903,1939,16898,1010
2020-10-08,35193.31,10906,1940,16901,1011
2020-10-09,35192.27,10909,1941,16904,1012
2020-10-10,35191.23,10912,1942,16908,1013
2020-10-11,35190.19,10916,1943,16911,1014
2020-10-12,35189.15,10919,1944,16915,1015
2020-10-13,35188.11,10923,1946,16918,1016
2020-10-14,35187.07,10926,1947,16922,1017
2020-10-15,35186.03,10929,1948,16926,1018
2020-10-16,35184.99,10933,1950,16929,1019
2020-10-17,35183.95,10936,1951,16932,1020
2020-10-18,35182.91,10939,1953,16936,1021
2020-10-19,35181.87,10943,1954,16939,1022
2020-10-20,35180.83,10947,1955,16942,1023
2020-10-21,35179.79,10950,1957,16945,1024
2020-10-22,35178.75,10953,1959,16949,1025
2020-10-23,35177.71,10957,1960,16953,1026
2020-10-24,35176.67,10961,1962,16956,1027
2020-10-25,35175.63,10965,1963,16959,1028
2020-10-26,35174.59,10969,1965,16963,1029
2020-10-27,35173.55,10972,1966,16966,1030
2020-10-28,35172.51,10975,1968,16970,1031
2020-10-29,35171.47,10979,1970,16973,1032
2020-10-30,35170.43,10983,1972,16977,1033
2020-10-31,35169.39,10986,1974,16980,1034
2020-11-01,35168.35,10990,1976,16984,1035
2020-11-02,35167.31,10994,1978,16987,1036
2020-11-03,35166.27,10997,1979,16991,1037
2020-11-04,35165.23,11001,1981,16995,1038
2020-11-05,35164.19,11004,1983,16998,1039
2020-11-06,35163.15,11008,1984,17002,1040
2020-11-07,35162.11,11011,1986,17006,1041
2020-11-08,35161.07,11014,1988,17010,1042
2020-11-09,35160.03,11017,1990,17013,1043
2020-11-10,35158.99,11021,1991,17017,1044
2020-11-11,35157.95,11024,1992,17021,1045
2020-11-12,35156.91,11028,1993,17025,1046
2020-11-13,35155.87,11031,1995,17028,1047
2020-11-14,35154.83,11034,1996,17031,1048
2020-11-15,35153.79,11037,1998,17034,1049
2020-11-16,35152.75,11041,1999,17038,1050
2020-11-17,35151.71,11045,2001,17041,1051
2020-11-18,35150.67,11048,2003,17044,1052
2020-11-19,35149.63,11052,2004,17048,1053
2020-11-20,35148.59,11056,2005,17052,1054
2020-11-21,35147.55,11060,2007,17055,1055
2020-11-22,35146.51,11063,2009,17059,1056
2020-11-23,35145.47,11067,2011,17063,1057
2020-11-24,35144.43,11071,2012,17066,1058
2020-11-25,35143.39,11074,2014,17070,1059
2020-11-26,35142.35,11078,2015,17074,1060
2020-11-27,35141.31,11082,2016,17078,1061
2020-11-28,35140.27,11085,2017,17081,1062
2020-11-29,35139.23,11088,2019,17084,1063
2020-11-30,35138.19,11091,2021,17087,1064
2020-12-01,35137.15,11094,2022,17091,1065
2020-12-02,35136.11,11098,2024,17095,1066
2020-12-03,35135.07,11102,2026,17099,1067
2020-12-04,35134.03,11106,2027,17102,1068
2020-12-05,35132.99,11109,2028,17105,1069
2020-12-06,35131.95,11113,2029,17108,1070
2020-12-07,35130.91,11117,2030,17112,1071
2020-12-08,35129.87,11121,2031,17116,1072
2020-12-09,35128.83,11124,2033,17120,1073
2020-12-10,35127.79,11128,2035,17123,1074
2020-12-11,35126.75,11131,2037,17127,1075
2020-12-12,35125.71,11135,2038,17131,1076
2020-12-13,35124.67,11139,2039,17135,1077
2020-12-14,35123.63,11142,2041,17138,1078
2020-12-15,35122.59,11146,2043,17142,1079
2020-12-16,35121.55,11149,2044,17146,1080
2020-12-17,35120.51,11153,2046,17150,1081
2020-12-18,35119.47,11157,2047,17153,1082
2020-12-19,35118.43,11160,2049,17157,1083
2020-12-20,35117.39,11163,2050,17160,1084
2020-12-21,35116.35,11166,2052,17164,1085
2020-12-22,35115.31,11170,2054,17167,1086
2020-12-23,35114.27,11174,2055,17171,1087
2020-12-24,35113.23,11178,2057,17175,1088
2020-12-25,35112.19,11181,2059,17179,1089
2020-12-26,35111.15,11184,2061,17183,1090
2020-12-27,35110.11,11187,2063,17186,1091
2020-12-28,35109.07,11190,2065,17190,1092
2020-12-29,35108.03,11194,2067,17193,1093
2020-12-30,35106.99,11198,2069,17196,1094
2020-12-31,35105.95,11202,2071,17199,1095
2021-01-01,35105.04,11203,2073,17201,1096
2021-01-02,35104.13,11205,2075,17203,1097
2021-01-03,35103.22,11207,2076,17205,1098
2021-01-04,35102.31,11208,2078,17207,1099
2021-01-05,35101.4,11209,2079,17208,1100
2021-01-06,35100.49,11210,2080,17209,1101
2021-01-07,35099.58,11211,2081,17210,1102
2021-01-08,35098.67,11213,2083,17211,1103
2021-01-09,35097.76,11214,2084,17212,1104
2021-01-10,35096.85,11215,2085,17214,1105
2021-01-11,35095.94,11217,2087,17215,1106
2021-01-12,35095.03,11219,2088,17217,1107
2021-01-13,35094.12,11220,2090,17218,1108
2021-01-14,35093.21,11221,2092,17219,1109
2021-01-15,35092.3,11222,2093,17220,1110
2021-01-16,35091.39,11224,2095,17221,1111
2021-01-17,35090.48,11225,2097,17223,1112
2021-01-18,35089.57,11227,2099,17224,1113
2021-01-19,35088.66,11229,2100,17225,1114
2021-01-20,35087.75,11231,2102,17227,1115
2021-01-21,35086.84,11233,2103,17229,1116
2021-01-22,35085.93,11235,2104,17231,1117
2021-01-23,35085.02,11237,2105,17232,1118
2021-01-24,35084.11,11238,2106,17234,1119
2021-01-25,35083.2,11239,2107,17235,1120
2021-01-26,35082.29,11240,2109,17236,1121
2021-01-27,35081.38,11241,2110,17237,1122
2021-01-28,35080.47,11243,2112,17238,1123
2021-01-29,35079.56,11244,2113,17239,1124
2021-01-30,35078.65,11246,2115,17240,1125
2021-01-31,35077.74,11248,2116,17241,1126
2021-02-01,35076.83,11249,2118,17243,1127
2021-02-02,35075.92,11251,2120,17245,1128
2021-02-03,35075.01,11252,2121,17246,1129
2021-02-04,35074.1,11253,2122,17247,1130
2021-02-05,35073.19,11255,2124,17249,1131
2021-02-06,35072.28,11256,2126,17250,1132
2021-02-07,35071.37,11257,2127,17251,1133
2021-02-08,35070.46,11258,2129,17253,1134
2021-02-09,35069.55,11260,2131,17255,1135
2021-02-10,35068.64,11262,2132,17256,1136
2021-02-11,35067.73,11264,2133,17257,1137
2021-02-12,35066.82,11266,2135,17259,1138
2021-02-13,35065.91,11267,2137,17260,1139
2021-02-14,35065.0,11269,2138,17261,1140
2021-02-15,35064.09,11270,2140,17262,1141
2021-02-16,35063.18,11272,2141,17263,1142
2021-02-17,35062.27,11273,2142,17264,1143
2021-02-18,35061.36,11275,2143,17265,1144
2021-02-19,35060.45,11277,2144,17266,1145
2021-02-20,35059.54,11279,2146,17267,1146
2021-02-21,35058.63,11280,2148,17269,1147
2021-02-22,35057.72,11282,2149,17270,1148
2021-02-23,35056.81,11284,2151,17272,1149
2021-02-24,35055.9,11286,2153,17274,1150
2021-02-25,35054.99,11287,2155,17276,1151
2021-02-26,35054.08,11288,2157,17278,1152
2021-02-27,35053.17,11290,2158,17280,1153
2021-02-28,35052.26,11292,2160,17282,1154
2021-03-01,35051.35,11294,2161,17284,1155
2021-03-02,35050.44,11296,2163,17286,1156
2021-03-03,35049.53,11297,2165,17287,1157
2021-03-04,35048.62,11299,2167,17289,1158
2021-03-05,35047.71,11300,2168,17291,1159
2021-03-06,35046.8,11302,2170,17292,1160
2021-03-07,35045.89,11304,2172,17294,1161
2021-03-08,35044.98,11306,2173,17295,1162
2021-03-09,35044.07,11307,2175,17296,1163
2021-03-10,35043.16,11309,2177,17298,1164
2021-03-11,35042.25,11310,2179,17300,1165
2021-03-12,35041.34,11312,2180,17301,1166
2021-03-13,35040.43,11313,2181,17303,1167
2021-03-14,35039.52,11314,2183,17304,1168
2021-03-15,35038.61,11315,2184,17305,1169
2021-03-16,35037.7,11316,2185,17307,1170
2021-03-17,35036.79,11317,2187,17309,1171
2021-03-18,35035.88,11319,2189,17311,1172
2021-03-19,35034.97,11321,2190,17313,1173
2021-03-20,35034.06,11323,2191,17315,1174
2021-03-21,35033.15,11324,2193,17316,1175
2021-03-22,35032.24,11326,2195,17317,1176
2021-03-23,35031.33,11328,2196,17319,1177
2021-03-24,35030.42,11329,2198,17320,1178
2021-03-25,35029.51,11330,2200,17322,1179
2021-03-26,35028.6,11331,2201,17323,1180
2021-03-27,35027.69,11333,2203,17325,1181
2021-03-28,35026.78,11335,2205,17327,1182
2021-03-29,35025.87,11336,2207,17329,1183
2021-03-30,35024.96,11338,2209,17330,1184
2021-03-31,35024.05,11339,2211,17331,1185
2021-04-01,35023.14,11340,2212,17332,1186
2021-04-02,35022.23,11341,2213,17333,1187
2021-04-03,35021.32,11342,2215,17335,1188
2021-04-04,35020.41,11343,2217,17337,1189
2021-04-05,35019.5,11344,2219,17338,1190
2021-04-06,35018.59,11346,2221,17339,1191
2021-04-07,35017.68,11348,2222,17341,1192
2021-04-08,35016.77,11350,2224,17343,1193
2021-04-09,35015.86,11352,2225,17344,1194
2021-04-10,35014.95,11354,2226,17346,1195
2021-04-11,35014.04,11356,2227,17347,1196
2021-04-12,35013.13,11357,2228,17348,1197
2021-04-13,35012.22,11358,2230,17350,1198
2021-04-14,35011.31,11360,2231,17352,1199
2021-04-15,35010.4,11362,2233,17353,1200
2021-04-16,35009.49,11363,2235,17354,1201
2021-04-17,35008.58,11365,2237,17355,1202
2021-04-18,35007.67,11367,2239,17356,1203
2021-04-19,35006.76,11368,2240,17358,1204
2021-04-20,35005.85,11369,2242,17360,1205
2021-04-21,35004.94,11371,2243,17361,1206
2021-04-22,35004.03,11372,2244,17363,1207
2021-04-23,35003.12,11373,2246,17365,1208
2021-04-24,35002.21,11374,2247,17366,1209
2021-04-25,35001.3,11375,2248,17368,1210
2021-04-26,35000.39,11377,2249,17370,1211
2021-04-27,34999.48,11378,2250,17372,1212
2021-04-28,34998.57,11379,2251,17373,1213
2021-04-29,34997.66,11381,2253,17375,1214
2021-04-30,34996.75,11382,2254,17377,1215
2021-05-01,34995.84,11383,2256,17378,1216
2021-05-02,34994.93,11385,2258,17379,1217
2021-05-03,34994.02,11387,2259,17381,1218
2021-05-04,34993.11,11388,2260,17382,1219
2021-05-05,34992.2,11389,2261,17383,1220
2021-05-06,34991.29,11391,2263,17384,1221
2021-05-07,34990.38,11392,2265,17386,1222
2021-05-08,34989.47,11394,2266,17388,1223
2021-05-09,34988.56,11395,2268,17389,1224
2021-05-10,34987.65,11396,2270,17390,1225
2021-05-11,34986.74,11397,2271,17392,1226
2021-05-12,34985.83,11398,2272,17393,1227
2021-05-13,34984.92,11400,2274,17394,1228
2021-05-14,34984.01,11402,2276,17395,1229
2021-05-15,34983.1,11403,2278,17397,1230
2021-05-16,34982.19,11404,2279,17399,1231
2021-05-17,34981.28,11405,2280,17400,1232
2021-05-18,34980.37,11406,2282,17401,1233
2021-05-19,34979.46,11407,2284,17403,1234
2021-05-20,34978.55,11408,2285,17405,1235
2021-05-21,34977.64,11409,2287,17407,1236
2021-05-22,34976.73,11411,2288,17409,1237
2021-05-23,34975.82,11412,2290,17411,1238
2021-05-24,34974.91,11414,2291,17412,1239
2021-05-25,34974.0,11416,2292,17413,1240
2021-05-26,34973.09,11418,2293,17415,1241
2021-05-27,34972.18,11420,2294,17416,1242
2021-05-28,34971.27,11422,2296,17418,1243
2021-05-29,34970.36,11423,2298,17420,1244
2021-05-30,34969.45,11424,2300,17421,1245
2021-05-31,34968.54,11426,2301,17422,1246
2021-06-01,34967.63,11428,2303,17424,1247
2021-06-02,34966.72,11430,2305,17425,1248
2021-06-03,34965.81,11431,2306,17427,1249
2021-06-04,34964.9,11432,2307,17428,1250
2021-06-05,34963.99,11434,2309,17430,1251
2021-06-06,34963.08,11436,2311,17432,1252
2021-06-07,34962.17,11438,2312,17433,1253
2021-06-08,34961.26,11439,2314,17435,1254
2021-06-09,34960.35,11440,2316,17437,1255
2021-06-10,34959.44,11441,2317,17438,1256
2021-06-11,34958.53,11443,2319,17440,1257
2021-06-12,34957.62,11444,2321,17442,1258
2021-06-13,34956.71,11445,2323,17443,1259
2021-06-14,34955.8,11447,2324,17445,1260
2021-06-15,34954.89,11449,2325,17447,1261
2021-06-16,34953.98,11450,2327,17448,1262
2021-06-17,34953.07,11451,2329,17449,1263
2021-06-18,34952.16,11453,2330,17451,1264
2021-06-19,34951.25,11455,2331,17453,1265
2021-06-20,34950.34,11456,2332,17455,1266
2021-06-21,34949.43,11458,2334,17456,1267
2021-06-22,34948.52,11459,2336,17458,1268
2021-06-23,34947.61,11460,2337,17459,1269
2021-06-24,34946.7,11461,2339,17461,1270
2021-06-25,34945.79,11462,2341,17462,1271
2021-06-26,34944.88,11464,2343,17463,1272
2021-06-27,34943.97,11465,2344,17465,1273
2021-06-28,34943.06,11466,2346,17467,1274
2021-06-29,34942.15,11467,2347,17468,1275
2021-06-30,34941.24,11469,2349,17470,1276
2021-07-01,34940.33,11471,2350,17471,1277
2021-07-02,34939.42,11473,2351,17473,1278
2021-07-03,34938.51,11475,2353,17474,1279
2021-07-04,34937.6,11477,2354,17475,1280
2021-07-05,34936.69,11479,2355,17477,1281
2021-07-06,34935.78,11481,2356,17478,1282
2021-07-07,34934.87,11483,2358,17479,1283
2021-07-08,34933.96,11485,2359,17480,1284
2021-07-09,34933.05,11486,2360,17481,1285
2021-07-10,34932.14,11487,2362,17483,1286
2021-07-11,34931.23,11488,2363,17485,1287
2021-07-12,34930.32,11490,2364,17487,1288
2021-07-13,34929.41,11492,2365,17489,1289
2021-07-14,34928.5,11494,2367,17490,1290
2021-07-15,34927.59,11496,2368,17492,1291
2021-07-16,34926.68,11498,2369,17493,1292
2021-07-17,34925.77,11499,2371,17494,1293
2021-07-18,34924.86,11501,2373,17496,1294
2021-07-19,34923.95,11502,2375,17497,1295
2021-07-20,34923.04,11504,2376,17498,1296
2021-07-21,34922.13,11505,2378,17499,1297
2021-07-22,34921.22,11507,2380,17501,1298
2021-07-23,34920.31,11508,2381,17503,1299
2021-07-24,34919.4,11510,2382,17505,1300
2021-07-25,34918.49,11511,2383,17507,1301
2021-07-26,34917.58,11513,2385,17509,1302
2021-07-27,34916.67,11514,2386,17510,1303
2021-07-28,34915.76,11515,2388,17511,1304
2021-07-29,34914.85,11517,2389,17513,1305
2021-07-30,34913.94,11518,2391,17514,1306
2021-07-31,34913.03,11520,2393,17516,1307
2021-08-01,34912.12,11521,2394,17518,1308
2021-08-02,34911.21,11523,2395,17519,1309
2021-08-03,34910.3,11524,2396,17521,1310
2021-08-04,34909.39,11525,2397,17522,1311
2021-08-05,34908.48,11526,2398,17523,1312
2021-08-06,34907.57,11528,2399,17524,1313
2021-08-07,34906.66,11529,2401,17526,1314
2021-08-08,34905.75,11530,2402,17528,1315
2021-08-09,34904.84,11531,2403,17530,1316
2021-08-10,34903.93,11532,2405,17531,1317
2021-08-11,34903.02,11534,2407,17532,1318
2021-08-12,34902.11,11536,2409,17533,1319
2021-08-13,34901.2,11538,2411,17534,1320
2021-08-14,34900.29,11539,2412,17535,1321
2021-08-15,34899.38,11541,2414,17536,1322
2021-08-16,34898.47,11543,2416,17538,1323
2021-08-17,34897.56,11545,2418,17539,1324
2021-08-18,34896.65,11546,2420,17541,1325
2021-08-19,34895.74,11548,2421,17543,1326
2021-08-20,34894.83,11550,2422,17544,1327
2021-08-21,34893.92,11551,2423,17545,1328
2021-08-22,34893.01,11552,2425,17547,1329
2021-08-23,34892.1,11554,2427,17549,1330
2021-08-24,34891.19,11555,2428,17550,1331
2021-08-25,34890.28,11557,2430,17551,1332
2021-08-26,34889.37,11559,2431,17552,1333
2021-08-27,34888.46,11561,2432,17553,1334
2021-08-28,34887.55,11562,2433,17554,1335
2021-08-29,34886.64,11564,2434,17555,1336
2021-08-30,34885.73,11565,2435,17556,1337
2021-08-31,34884.82,11567,2436,17558,1338
2021-09-01,34883.91,11568,2438,17559,1339
2021-09-02,34883.0,11569,2440,17560,1340
2021-09-03,34882.09,11570,2442,17562,1341
2021-09-04,34881.18,11571,2444,17564,1342
2021-09-05,34880.27,11572,2445,17566,1343
2021-09-06,34879.36,11574,2446,17568,1344
2021-09-07,34878.45,11575,2448,17570,1345
2021-09-08,34877.54,11577,2449,17571,1346
2021-09-09,34876.63,11578,2451,17573,1347
2021-09-10,34875.72,11579,2452,17575,1348
2021-09-11,34874.81,11581,2454,17577,1349
2021-09-12,34873.9,11583,2455,17578,1350
2021-09-13,34872.99,11584,2456,17579,1351
2021-09-14,34872.08,11586,2458,17581,1352
2021-09-15,34871.17,11587,2460,17582,1353
2021-09-16,34870.26,11588,2462,17584,1354
2021-09-17,34869.35,11590,2464,17585,1355
2021-09-18,34868.44,11592,2466,17587,1356
2021-09-19,34867.53,11594,2468,17588,1357
2021-09-20,34866.62,11596,2470,17589,1358
2021-09-21,34865.71,11598,2472,17590,1359
2021-09-22,34864.8,11599,2473,17592,1360
2021-09-23,34863.89,11601,2474,17594,1361
2021-09-24,34862.98,11602,2476,17596,1362
2021-09-25,34862.07,11604,2478,17597,1363
2021-09-26,34861.16,11606,2479,17599,1364
2021-09-27,34860.25,11607,2480,17601,1365
2021-09-28,34859.34,11608,2481,17602,1366
2021-09-29,34858.43,11609,2482,17603,1367
2021-09-30,34857.52,11611,2484,17604,1368
2021-10-01,35062.26,11614,2486,17608,1369
2021-10-02,35268.2,11617,2488,17612,1370
2021-10-03,35475.35,11620,2490,17616,1371
2021-10-04,35683.72,11623,2492,17619,1372
2021-10-05,35893.31,11627,2494,17623,1373
2021-10-06,36104.13,11630,2495,17627,1374
2021-10-07,36316.19,11634,2497,17630,1375
2021-10-08,36529.5,11637,2498,17633,1376
2021-10-09,36744.06,11641,2500,17636,1377
2021-10-10,36959.88,11644,2502,17640,1378
2021-10-11,37176.97,11648,2504,17643,1379
2021-10-12,37395.33,11652,2505,17646,1380
2021-10-13,37614.97,11655,2506,17649,1381
2021-10-14,37835.9,11658,2507,17652,1382
2021-10-15,38058.13,11661,2509,17656,1383
2021-10-16,38281.67,11665,2511,17660,1384
2021-10-17,38506.52,11668,2512,17663,1385
2021-10-18,38732.69,11671,2513,17666,1386
2021-10-19,38960.19,11675,2515,17670,1387
2021-10-20,39189.03,11678,2517,17673,1388
2021-10-21,39419.21,11681,2518,17676,1389
2021-10-22,39650.74,11685,2520,17679,1390
2021-10-23,39883.63,11689,2521,17682,1391
2021-10-24,40117.89,11692,2523,17686,1392
2021-10-25,40353.53,11696,2524,17689,1393
2021-10-26,40590.55,11700,2525,17693,1394
2021-10-27,40828.96,11703,2527,17697,1395
2021-10-28,41068.77,11707,2529,17701,1396
2021-10-29,41309.99,11711,2530,17704,1397
2021-10-30,41552.63,11715,2532,17707,1398
2021-10-31,41796.69,11718,2534,17710,1399
2021-11-01,42042.19,11721,2535,17713,1400
2021-11-02,42289.13,11724,2537,17717,1401
2021-11-03,42537.52,11728,2538,17720,1402
2021-11-04,42787.37,11731,2540,17723,1403
2021-11-05,43038.69,11735,2542,17727,1404
2021-11-06,43291.48,11738,2544,17730,1405
2021-11-07,43545.76,11742,2545,17734,1406
2021-11-08,43801.53,11745,2547,17738,1407
2021-11-09,44058.8,11749,2548,17742,1408
2021-11-10,44317.58,11753,2549,17745,1409
2021-11-11,44577.88,11757,2550,17749,1410
2021-11-12,44839.71,11760,2552,17752,1411
2021-11-13,45103.08,11764,2554,17756,1412
2021-11-14,45368.0,11768,2556,17760,1413
2021-11-15,45634.47,11771,2557,17763,1414
2021-11-16,45902.51,11774,2558,17766,1415
2021-11-17,46172.12,11778,2559,17770,1416
2021-11-18,46443.32,11782,2560,17773,1417
2021-11-19,46716.11,11785,2561,17777,1418
2021-11-20,46990.5,11788,2562,17781,1419
2021-11-21,47266.5,11791,2563,17784,1420
2021-11-22,47544.12,11795,2564,17787,1421
2021-11-23,47823.37,11798,2565,17790,1422
2021-11-24,48104.26,11802,2566,17793,1423
2021-11-25,48386.8,11806,2567,17797,1424
2021-11-26,48671.0,11809,2569,17800,1425
2021-11-27,48956.87,11812,2570,17803,1426
2021-11-28,49244.42,11815,2572,17807,1427
2021-11-29,49533.66,11819,2573,17811,1428
2021-11-30,49824.6,11823,2575,17814,1429
2021-12-01,50117.25,11827,2577,17818,1430
2021-12-02,50411.62,11830,2579,17821,1431
2021-12-03,50707.72,11833,2580,17825,1432
2021-12-04,51005.56,11836,2582,17828,1433
2021-12-05,51305.15,11839,2583,17831,1434
2021-12-06,51606.5,11843,2585,17835,1435
2021-12-07,51909.62,11847,2586,17839,1436
2021-12-08,52214.52,11851,2588,17843,1437
2021-12-09,52521.21,11854,2589,17846,1438
2021-12-10,52829.7,11857,2591,17850,1439
2021-12-11,53140.0,11860,2593,17854,1440
2021-12-12,53452.12,11863,2594,17858,1441
2021-12-13,53766.08,11867,2595,17862,1442
2021-12-14,54081.88,11870,2596,17865,1443
2021-12-15,54399.53,11873,2597,17869,1444
2021-12-16,54719.05,11876,2598,17873,1445
2021-12-17,55040.45,11879,2599,17876,1446
2021-12-18,55363.73,11882,2600,17879,1447
2021-12-19,55688.91,11886,2601,17882,1448
2021-12-20,56016.0,11889,2603,17886,1449
2021-12-21,56345.01,11893,2605,17889,1450
2021-12-22,56675.96,11896,2606,17892,1451
2021-12-23,57008.85,11899,2608,17896,1452
2021-12-24,57343.7,11902,2609,17900,1453
2021-12-25,57680.51,11905,2611,17904,1454
2021-12-26,58019.3,11909,2612,17908,1455
2021-12-27,58360.08,11912,2613,17911,1456
2021-12-28,58702.86,11916,2615,17914,1457
2021-12-29,59047.66,11919,2617,17918,1458
2021-12-30,59394.48,11923,2619,17921,1459
2021-12-31,59743.34,11927,2621,17924,1460
2022-01-01,60072.19,11928,2623,17926,1461
2022-01-02,60402.85,11929,2624,17927,1462
2022-01-03,60735.33,11931,2626,17928,1463
2022-01-04,61069.64,11933,2628,17929,1464
2022-01-05,61405.79,11934,2630,17930,1465
2022-01-06,61743.79,11935,2631,17931,1466
2022-01-07,62083.65,11937,2632,17932,1467
2022-01-08,62425.38,11939,2634,17933,1468
2022-01-09,62768.99,11941,2636,17934,1469
2022-01-10,63114.49,11942,2638,17936,1470
2022-01-11,63461.89,11944,2640,17938,1471
2022-01-12,63811.2,11945,2641,17940,1472
2022-01-13,64162.44,11946,2642,17941,1473
2022-01-14,64515.61,11948,2644,17942,1474
2022-01-15,64870.72,11950,2645,17944,1475
2022-01-16,65227.79,11951,2646,17946,1476
2022-01-17,65586.82,11952,2647,17947,1477
2022-01-18,65947.83,11954,2649,17949,1478
2022-01-19,66310.83,11956,2651,17951,1479
2022-01-20,66675.83,11957,2653,17953,1480
2022-01-21,67042.84,11959,2655,17954,1481
2022-01-22,67411.87,11960,2657,17956,1482
2022-01-23,67782.93,11962,2659,17958,1483
2022-01-24,68156.03,11964,2660,17960,1484
2022-01-25,68531.18,11965,2662,17961,1485
2022-01-26,68908.4,11966,2664,17963,1486
2022-01-27,69287.69,11968,2666,17965,1487
2022-01-28,69669.07,11969,2668,17967,1488
2022-01-29,70052.55,11971,2670,17969,1489
2022-01-30,70438.14,11972,2671,17970,1490
2022-01-31,70825.85,11974,2673,17972,1491
2022-02-01,71215.7,11975,2675,17973,1492
2022-02-02,71607.69,11977,2677,17975,1493
2022-02-03,72001.84,11978,2678,17977,1494
2022-02-04,72398.16,11979,2679,17978,1495
2022-02-05,72796.66,11981,2680,17979,1496
2022-02-06,73197.36,11982,2681,17980,1497
2022-02-07,73600.26,11983,2682,17982,1498
2022-02-08,74005.38,11984,2684,17983,1499
2022-02-09,74412.73,11986,2686,17985,1500
2022-02-10,74822.32,11988,2687,17987,1501
2022-02-11,75234.17,11990,2688,17989,1502
2022-02-12,75648.28,11992,2690,17990,1503
2022-02-13,76064.67,11994,2691,17992,1504
2022-02-14,76483.35,11996,2693,17994,1505
2022-02-15,76904.34,11998,2695,17996,1506
2022-02-16,77327.65,11999,2697,17997,1507
2022-02-17,77753.29,12001,2699,17998,1508
2022-02-18,78181.27,12002,2700,17999,1509
2022-02-19,78611.6,12004,2701,18001,1510
2022-02-20,79044.3,12006,2703,18003,1511
2022-02-21,79479.39,12007,2704,18005,1512
2022-02-22,79916.87,12008,2706,18006,1513
2022-02-23,80356.76,12010,2707,18008,1514
2022-02-24,80799.07,12011,2708,18010,1515
2022-02-25,81243.81,12012,2710,18012,1516
2022-02-26,81691.0,12013,2712,18014,1517
2022-02-27,82140.65,12015,2713,18015,1518
2022-02-28,82592.78,12017,2714,18016,1519
2022-03-01,83047.4,12019,2715,18018,1520
2022-03-02,83504.52,12021,2716,18020,1521
2022-03-03,83964.16,12022,2718,18022,1522
2022-03-04,84426.33,12023,2720,18023,1523
2022-03-05,84891.04,12025,2721,18025,1524
2022-03-06,85358.31,12026,2723,18026,1525
2022-03-07,85828.15,12028,2724,18027,1526
2022-03-08,86300.58,12029,2726,18029,1527
2022-03-09,86775.61,12030,2728,18030,1528
2022-03-10,87253.25,12031,2729,18031,1529
2022-03-11,87733.52,12033,2731,18032,1530
2022-03-12,88216.43,12035,2732,18033,1531
2022-03-13,88702.0,12036,2733,18034,1532
2022-03-14,89190.24,12037,2735,18035,1533
2022-03-15,89681.17,12038,2736,18036,1534
2022-03-16,90174.8,12039,2738,18037,1535
2022-03-17,90671.15,12041,2740,18038,1536
2022-03-18,91170.23,12043,2741,18039,1537
2022-03-19,91672.06,12045,2743,18040,1538
2022-03-20,92176.65,12046,2744,18041,1539
2022-03-21,92684.02,12047,2745,18042,1540
2022-03-22,93194.18,12049,2747,18044,1541
2022-03-23,93707.15,12050,2748,18046,1542
2022-03-24,94222.94,12052,2750,18047,1543
2022-03-25,94741.57,12054,2752,18049,1544
2022-03-26,95263.06,12055,2753,18051,1545
2022-03-27,95787.42,12056,2754,18053,1546
2022-03-28,96314.66,12058,2755,18055,1547
2022-03-29,96844.81,12060,2756,18057,1548
2022-03-30,97377.87,12061,2757,18059,1549
2022-03-31,97913.87,12063,2759,18061,1550
2022-04-01,98452.82,12064,2760,18063,1551
2022-04-02,98994.74,12065,2761,18065,1552
2022-04-03,99539.64,12067,2763,18066,1553
2022-04-04,100087.54,12069,2765,18068,1554
2022-04-05,100638.45,12070,2767,18070,1555
2022-04-06,101192.4,12072,2769,18071,1556
2022-04-07,101749.4,12074,2771,18072,1557
2022-04-08,102309.46,12076,2773,18074,1558
2022-04-09,102872.6,12077,2775,18075,1559
2022-04-10,103438.84,12079,2777,18076,1560
2022-04-11,104008.2,12080,2778,18078,1561
2022-04-12,104580.69,12081,2779,18080,1562
2022-04-13,105156.34,12083,2781,18081,1563
2022-04-14,105735.15,12084,2782,18083,1564
2022-04-15,106317.15,12086,2783,18084,1565
2022-04-16,106902.35,12087,2785,18086,1566
2022-04-17,107490.77,12088,2786,18088,1567
2022-04-18,108082.43,12090,2787,18089,1568
2022-04-19,108677.35,12091,2789,18091,1569
2022-04-20,109275.54,12093,2790,18092,1570
2022-04-21,109877.03,12095,2791,18093,1571
2022-04-22,110481.83,12096,2792,18094,1572
2022-04-23,111089.96,12098,2794,18095,1573
2022-04-24,111701.43,12099,2795,18096,1574
2022-04-25,112316.27,12101,2797,18098,1575
2022-04-26,112934.49,12102,2798,18100,1576
2022-04-27,113556.12,12104,2799,18102,1577
2022-04-28,114181.17,12105,2800,18104,1578
2022-04-29,114809.66,12107,2801,18105,1579
2022-04-30,115441.61,12108,2803,18106,1580
2022-05-01,116077.04,12110,2804,18108,1581
2022-05-02,116715.97,12112,2805,18110,1582
2022-05-03,117358.41,12113,2806,18112,1583
2022-05-04,118004.39,12115,2808,18114,1584
2022-05-05,118653.92,12116,2810,18115,1585
2022-05-06,119307.03,12118,2811,18116,1586
2022-05-07,119963.73,12119,2813,18117,1587
2022-05-08,120624.05,12120,2815,18119,1588
2022-05-09,121288.0,12121,2816,18120,1589
2022-05-10,121955.61,12123,2817,18122,1590
2022-05-11,122626.89,12124,2818,18123,1591
2022-05-12,123301.87,12126,2820,18125,1592
2022-05-13,123980.56,12127,2822,18127,1593
2022-05-14,124662.99,12129,2824,18129,1594
2022-05-15,125349.18,12131,2826,18130,1595
2022-05-16,126039.14,12132,2828,18132,1596
2022-05-17,126732.9,12134,2830,18133,1597
2022-05-18,127430.48,12135,2832,18134,1598
2022-05-19,128131.9,12137,2834,18136,1599
2022-05-20,128837.18,12138,2835,18138,1600
2022-05-21,129546.34,12139,2837,18139,1601
2022-05-22,130259.4,12140,2839,18140,1602
2022-05-23,130976.39,12141,2840,18141,1603
2022-05-24,131697.33,12143,2842,18143,1604
2022-05-25,132422.23,12145,2843,18144,1605
2022-05-26,133151.12,12146,2844,18145,1606
2022-05-27,133884.03,12147,2846,18147,1607
2022-05-28,134620.97,12149,2848,18148,1608
2022-05-29,135361.97,12150,2849,18150,1609
2022-05-30,136107.05,12151,2850,18151,1610
2022-05-31,136856.23,12153,2851,18153,1611
2022-06-01,137609.53,12155,2853,18154,1612
2022-06-02,138366.98,12157,2855,18155,1613
2022-06-03,139128.6,12159,2856,18157,1614
2022-06-04,139894.41,12161,2857,18158,1615
2022-06-05,140664.43,12163,2858,18160,1616
2022-06-06,141438.69,12165,2859,18162,1617
2022-06-07,142217.21,12167,2860,18164,1618
2022-06-08,143000.02,12169,2861,18166,1619
2022-06-09,143787.14,12170,2862,18167,1620
2022-06-10,144578.59,12172,2864,18169,1621
2022-06-11,145374.4,12174,2865,18171,1622
2022-06-12,146174.59,12175,2867,18172,1623
2022-06-13,146979.18,12176,2869,18173,1624
2022-06-14,147788.2,12178,2871,18175,1625
2022-06-15,148601.67,12179,2872,18176,1626
2022-06-16,149419.62,12180,2874,18178,1627
2022-06-17,150242.07,12181,2875,18179,1628
2022-06-18,151069.05,12182,2876,18180,1629
2022-06-19,151900.58,12183,2878,18182,1630
2022-06-20,152736.69,12184,2879,18183,1631
2022-06-21,153577.4,12186,2880,18184,1632
2022-06-22,154422.74,12187,2881,18185,1633
2022-06-23,155272.73,12189,2882,18187,1634
2022-06-24,156127.4,12190,2883,18189,1635
2022-06-25,156986.78,12191,2885,18190,1636
2022-06-26,157850.89,12192,2887,18191,1637
2022-06-27,158719.75,12193,2888,18192,1638
2022-06-28,159593.39,12194,2889,18193,1639
2022-06-29,160471.84,12195,2890,18195,1640
2022-06-30,161355.13,12197,2891,18196,1641
2022-07-01,162243.28,12199,2892,18198,1642
2022-07-02,163136.32,12200,2894,18200,1643
2022-07-03,164034.27,12202,2896,18201,1644
2022-07-04,164937.17,12203,2897,18203,1645
2022-07-05,165845.04,12205,2898,18205,1646
2022-07-06,166757.9,12207,2899,18207,1647
2022-07-07,167675.79,12208,2901,18209,1648
2022-07-08,168598.73,12210,2902,18211,1649
2022-07-09,169526.75,12212,2903,18212,1650
2022-07-10,170459.88,12213,2904,18214,1651
2022-07-11,171398.15,12214,2905,18216,1652
2022-07-12,172341.58,12216,2907,18218,1653
2022-07-13,173290.2,12217,2909,18220,1654
2022-07-14,174244.04,12219,2911,18222,1655
2022-07-15,175203.14,12220,2912,18224,1656
2022-07-16,176167.51,12221,2914,18225,1657
2022-07-17,177137.19,12222,2916,18226,1658
2022-07-18,178112.21,12223,2918,18227,1659
2022-07-19,179092.6,12225,2919,18228,1660
2022-07-20,180078.38,12227,2921,18230,1661
2022-07-21,181069.59,12229,2923,18231,1662
2022-07-22,182066.26,12231,2924,18232,1663
2022-07-23,183068.41,12233,2925,18234,1664
2022-07-24,184076.08,12234,2927,18236,1665
2022-07-25,185089.29,12235,2929,18238,1666
2022-07-26,186108.08,12236,2930,18239,1667
2022-07-27,187132.48,12237,2931,18241,1668
2022-07-28,188162.52,12238,2932,18243,1669
2022-07-29,189198.23,12239,2934,18245,1670
2022-07-30,190239.64,12240,2936,18246,1671
2022-07-31,191286.78,12242,2937,18247,1672
2022-08-01,192339.68,12243,2939,18249,1673
2022-08-02,193398.38,12244,2941,18251,1674
2022-08-03,194462.91,12245,2942,18253,1675
2022-08-04,195533.3,12246,2944,18254,1676
2022-08-05,196609.58,12247,2945,18256,1677
2022-08-06,197691.78,12248,2947,18258,1678
2022-08-07,198779.94,12249,2948,18259,1679
2022-08-08,199874.09,12251,2950,18260,1680
2022-08-09,200974.26,12252,2952,18261,1681
2022-08-10,202080.49,12254,2954,18263,1682
2022-08-11,203192.81,12256,2955,18265,1683
2022-08-12,204311.25,12257,2956,18266,1684
2022-08-13,205435.84,12259,2958,18268,1685
2022-08-14,206566.62,12260,2960,18269,1686
2022-08-15,207703.63,12261,2961,18271,1687
2022-08-16,208846.9,12263,2963,18273,1688
2022-08-17,209996.46,12264,2965,18274,1689
2022-08-18,211152.35,12266,2966,18275,1690
2022-08-19,212314.6,12267,2967,18277,1691
2022-08-20,213483.25,12268,2968,18278,1692
2022-08-21,214658.33,12270,2969,18280,1693
2022-08-22,215839.88,12271,2970,18282,1694
2022-08-23,217027.93,12272,2972,18283,1695
2022-08-24,218222.52,12273,2974,18285,1696
2022-08-25,219423.69,12274,2976,18286,1697
2022-08-26,220631.47,12276,2978,18287,1698
2022-08-27,221845.9,12278,2980,18288,1699
2022-08-28,223067.01,12279,2981,18289,1700
2022-08-29,224294.84,12281,2983,18291,1701
2022-08-30,225529.43,12282,2984,18293,1702
2022-08-31,226770.82,12283,2986,18294,1703
2022-09-01,228019.04,12284,2987,18295,1704
2022-09-02,229274.13,12286,2989,18297,1705
2022-09-03,230536.13,12287,2991,18298,1706
2022-09-04,231805.07,12288,2993,18300,1707
2022-09-05,233081.0,12289,2995,18301,1708
2022-09-06,234363.95,12291,2997,18302,1709
2022-09-07,235653.96,12293,2998,18304,1710
2022-09-08,236951.07,12294,2999,18306,1711
2022-09-09,238255.32,12295,3001,18308,1712
2022-09-10,239566.75,12296,3002,18310,1713
2022-09-11,240885.4,12298,3004,18311,1714
2022-09-12,242211.31,12300,3006,18312,1715
2022-09-13,243544.52,12302,3007,18314,1716
2022-09-14,244885.07,12304,3009,18315,1717
2022-09-15,246233.0,12306,3010,18317,1718
2022-09-16,247588.35,12308,3012,18318,1719
2022-09-17,248951.16,12310,3013,18320,1720
2022-09-18,250321.47,12311,3015,18322,1721
2022-09-19,251699.32,12312,3017,18323,1722
2022-09-20,253084.75,12313,3018,18325,1723
2022-09-21,254477.81,12315,3019,18326,1724
2022-09-22,255878.54,12317,3021,18328,1725
2022-09-23,257286.98,12319,3023,18329,1726
2022-09-24,258703.17,12321,3024,18330,1727
2022-09-25,260127.16,12323,3025,18331,1728
2022-09-26,261558.98,12325,3026,18332,1729
2022-09-27,262998.68,12327,3027,18334,1730
2022-09-28,264446.31,12328,3029,18335,1731
2022-09-29,265901.91,12329,3031,18337,1732
2022-09-30,267365.52,12331,3033,18339,1733
2022-10-01,268856.17,12335,3034,18342,1734
2022-10-02,270355.13,12339,3035,18345,1735
2022-10-03,271862.44,12343,3037,18348,1736
2022-10-04,273378.16,12347,3039,18352,1737
2022-10-05,274902.33,12350,3040,18355,1738
2022-10-06,276435.0,12353,3041,18359,1739
2022-10-07,277976.21,12357,3042,18362,1740
2022-10-08,279526.01,12360,3043,18365,1741
2022-10-09,281084.45,12363,3045,18368,1742
2022-10-10,282651.58,12367,3047,18371,1743
2022-10-11,284227.45,12371,3049,18374,1744
2022-10-12,285812.11,12374,3051,18377,1745
2022-10-13,287405.6,12378,3053,18381,1746
2022-10-14,289007.98,12381,3054,18384,1747
2022-10-15,290619.29,12385,3055,18388,1748
2022-10-16,292239.58,12388,3057,18392,1749
2022-10-17,293868.91,12392,3059,18395,1750
2022-10-18,295507.32,12396,3060,18399,1751
2022-10-19,297154.87,12400,3062,18403,1752
2022-10-20,298811.6,12404,3063,18406,1753
2022-10-21,300477.57,12407,3064,18409,1754
2022-10-22,302152.83,12410,3066,18413,1755
2022-10-23,303837.43,12414,3067,18417,1756
2022-10-24,305531.42,12418,3068,18421,1757
2022-10-25,307234.85,12421,3069,18425,1758
2022-10-26,308947.78,12425,3071,18428,1759
2022-10-27,310670.26,12428,3072,18431,1760
2022-10-28,312402.34,12432,3074,18435,1761
2022-10-29,314144.08,12436,3075,18438,1762
2022-10-30,315895.53,12440,3077,18442,1763
2022-10-31,317656.75,12443,3078,18446,1764
2022-11-01,319427.79,12446,3080,18450,1765
2022-11-02,321208.7,12450,3081,18454,1766
2022-11-03,322999.54,12453,3082,18458,1767
2022-11-04,324800.36,12457,3083,18461,1768
2022-11-05,326611.22,12461,3084,18464,1769
2022-11-06,328432.18,12465,3085,18467,1770
2022-11-07,330263.29,12469,3087,18470,1771
2022-11-08,332104.61,12473,3088,18474,1772
2022-11-09,333956.2,12477,3089,18478,1773
2022-11-10,335818.11,12481,3091,18481,1774
2022-11-11,337690.4,12484,3092,18485,1775
2022-11-12,339573.13,12487,3094,18489,1776
2022-11-13,341466.36,12490,3095,18492,1777
2022-11-14,343370.14,12494,3096,18496,1778
2022-11-15,345284.54,12498,3098,18499,1779
2022-11-16,347209.61,12501,3100,18502,1780
2022-11-17,349145.41,12504,3101,18506,1781
2022-11-18,351092.0,12508,3102,18509,1782
2022-11-19,353049.45,12512,3104,18513,1783
2022-11-20,355017.81,12515,3106,18516,1784
2022-11-21,356997.14,12519,3107,18519,1785
2022-11-22,358987.51,12522,3108,18523,1786
2022-11-23,360988.98,12526,3110,18526,1787
2022-11-24,363001.61,12530,3112,18529,1788
2022-11-25,365025.46,12534,3114,18532,1789
2022-11-26,367060.59,12537,3116,18536,1790
2022-11-27,369107.07,12541,3118,18539,1791
2022-11-28,371164.96,12544,3120,18542,1792
2022-11-29,373234.32,12547,3121,18545,1793
2022-11-30,375315.22,12550,3122,18549,1794
2022-12-01,377407.72,12554,3123,18552,1795
2022-12-02,379511.89,12557,3125,18555,1796
2022-12-03,381627.79,12561,3126,18559,1797
2022-12-04,383755.48,12565,3127,18562,1798
2022-12-05,385895.04,12569,3129,18565,1799
2022-12-06,388046.53,12572,3131,18568,1800
2022-12-07,390210.01,12576,3132,18571,1801
2022-12-08,392385.55,12580,3134,18574,1802
2022-12-09,394573.22,12584,3135,18577,1803
2022-12-10,396773.09,12588,3137,18581,1804
2022-12-11,398985.22,12592,3138,18585,1805
2022-12-12,401209.69,12595,3140,18589,1806
2022-12-13,403446.56,12599,3141,18592,1807
2022-12-14,405695.9,12603,3143,18595,1808
2022-12-15,407957.78,12606,3144,18598,1809
2022-12-16,410232.27,12610,3146,18601,1810
2022-12-17,412519.44,12614,3148,18605,1811
2022-12-18,414819.36,12617,3149,18608,1812
2022-12-19,417132.11,12620,3151,18611,1813
2022-12-20,419457.75,12623,3152,18615,1814
2022-12-21,421796.36,12626,3154,18619,1815
2022-12-22,424148.01,12629,3156,18623,1816
2022-12-23,426512.77,12632,3158,18627,1817
2022-12-24,428890.71,12635,3159,18631,1818
2022-12-25,431281.91,12638,3160,18635,1819
2022-12-26,433686.44,12641,3161,18639,1820
2022-12-27,436104.38,12645,3163,18643,1821
2022-12-28,438535.8,12649,3164,18646,1822
2022-12-29,440980.77,12652,3165,18650,1823
2022-12-30,443439.38,12656,3167,18653,1824
2022-12-31,445911.69,12659,3169,18656,1825
2023-01-01,445910.71,12660,3170,18657,1826
2023-01-02,445909.73,12662,3172,18659,1827
2023-01-03,445908.75,12663,3173,18660,1828
2023-01-04,445907.77,12664,3175,18662,1829
2023-01-05,445906.79,12665,3177,18664,1830
2023-01-06,445905.81,12666,3179,18665,1831
2023-01-07,445904.83,12667,3180,18667,1832
2023-01-08,445903.85,12668,3181,18668,1833
2023-01-09,445902.87,12670,3182,18670,1834
2023-01-10,445901.89,12671,3184,18671,1835
2023-01-11,445900.91,12672,3186,18672,1836
2023-01-12,445899.93,12674,3188,18673,1837
2023-01-13,445898.95,12675,3189,18674,1838
2023-01-14,445897.97,12677,3191,18675,1839
2023-01-15,445896.99,12679,3193,18676,1840
2023-01-16,445896.01,12680,3194,18677,1841
2023-01-17,445895.03,12682,3195,18678,1842
2023-01-18,445894.05,12684,3196,18680,1843
2023-01-19,445893.07,12685,3197,18681,1844
2023-01-20,445892.09,12687,3199,18682,1845
2023-01-21,445891.11,12689,3200,18683,1846
2023-01-22,445890.13,12691,3201,18684,1847
2023-01-23,445889.15,12692,3203,18686,1848
2023-01-24,445888.17,12694,3205,18688,1849
2023-01-25,445887.19,12696,3206,18689,1850
2023-01-26,445886.21,12697,3208,18690,1851
2023-01-27,445885.23,12698,3210,18692,1852
2023-01-28,445884.25,12699,3212,18693,1853
2023-01-29,445883.27,12701,3214,18694,1854
2023-01-30,445882.29,12702,3215,18695,1855
2023-01-31,445881.31,12704,3217,18696,1856
2023-02-01,445880.33,12705,3218,18698,1857
2023-02-02,445879.35,12706,3219,18700,1858
2023-02-03,445878.37,12708,3220,18701,1859
2023-02-04,445877.39,12710,3221,18703,1860
2023-02-05,445876.41,12712,3222,18705,1861
2023-02-06,445875.43,12714,3224,18706,1862
2023-02-07,445874.45,12715,3225,18707,1863
2023-02-08,445873.47,12716,3227,18709,1864
2023-02-09,445872.49,12718,3229,18710,1865
2023-02-10,445871.51,12719,3231,18712,1866
2023-02-11,445870.53,12721,3233,18714,1867
2023-02-12,445869.55,12723,3235,18715,1868
2023-02-13,445868.57,12724,3237,18717,1869
2023-02-14,445867.59,12726,3239,18719,1870
2023-02-15,445866.61,12728,3241,18720,1871
2023-02-16,445865.63,12729,3242,18721,1872
2023-02-17,445864.65,12730,3244,18722,1873
2023-02-18,445863.67,12732,3245,18724,1874
2023-02-19,445862.69,12733,3247,18725,1875
2023-02-20,445861.71,12735,3249,18726,1876
2023-02-21,445860.73,12736,3251,18727,1877
2023-02-22,445859.75,12738,3253,18728,1878
2023-02-23,445858.77,12740,3255,18729,1879
2023-02-24,445857.79,12742,3256,18730,1880
2023-02-25,445856.81,12743,3258,18731,1881
2023-02-26,445855.83,12745,3260,18733,1882
2023-02-27,445854.85,12747,3261,18734,1883
2023-02-28,445853.87,12748,3262,18736,1884
2023-03-01,445852.89,12749,3264,18737,1885
2023-03-02,445851.91,12750,3265,18739,1886
2023-03-03,445850.93,12752,3267,18740,1887
2023-03-04,445849.95,12754,3268,18741,1888
2023-03-05,445848.97,12755,3269,18743,1889
2023-03-06,445847.99,12757,3270,18745,1890
2023-03-07,445847.01,12759,3271,18747,1891
2023-03-08,445846.03,12760,3272,18749,1892
2023-03-09,445845.05,12762,3274,18751,1893
2023-03-10,445844.07,12764,3275,18753,1894
2023-03-11,445843.09,12765,3277,18754,1895
2023-03-12,445842.11,12766,3278,18756,1896
2023-03-13,445841.13,12768,3280,18757,1897
2023-03-14,445840.15,12770,3281,18758,1898
2023-03-15,445839.17,12772,3282,18759,1899
2023-03-16,445838.19,12774,3283,18760,1900
2023-03-17,445837.21,12776,3285,18761,1901
2023-03-18,445836.23,12777,3286,18763,1902
2023-03-19,445835.25,12779,3288,18764,1903
2023-03-20,445834.27,12781,3290,18765,1904
2023-03-21,445833.29,12783,3292,18766,1905
2023-03-22,445832.31,12785,3294,18768,1906
2023-03-23,445831.33,12786,3295,18769,1907
2023-03-24,445830.35,12788,3296,18771,1908
2023-03-25,445829.37,12790,3297,18773,1909
2023-03-26,445828.39,12792,3299,18775,1910
2023-03-27,445827.41,12793,3301,18776,1911
2023-03-28,445826.43,12795,3303,18777,1912
2023-03-29,445825.45,12797,3305,18779,1913
2023-03-30,445824.47,12798,3307,18780,1914
2023-03-31,445823.49,12799,3308,18781,1915
2023-04-01,445822.51,12800,3310,18783,1916
2023-04-02,445821.53,12802,3312,18785,1917
2023-04-03,445820.55,12803,3314,18787,1918
2023-04-04,445819.57,12805,3316,18789,1919
2023-04-05,445818.59,12807,3317,18790,1920
2023-04-06,445817.61,12809,3318,18792,1921
2023-04-07,445816.63,12810,3319,18794,1922
2023-04-08,445815.65,12812,3321,18795,1923
2023-04-09,445814.67,12813,3323,18797,1924
2023-04-10,445813.69,12815,3324,18798,1925
2023-04-11,445812.71,12817,3326,18799,1926
2023-04-12,445811.73,12819,3327,18801,1927
2023-04-13,445810.75,12820,3329,18802,1928
2023-04-14,445809.77,12821,3331,18803,1929
2023-04-15,445808.79,12822,3333,18805,1930
2023-04-16,445807.81,12823,3334,18807,1931
2023-04-17,445806.83,12825,3335,18808,1932
2023-04-18,445805.85,12827,3337,18810,1933
2023-04-19,445804.87,12828,3338,18811,1934
2023-04-20,445803.89,12829,3340,18812,1935
2023-04-21,445802.91,12830,3341,18813,1936
2023-04-22,445801.93,12832,3343,18815,1937
2023-04-23,445800.95,12834,3345,18816,1938
2023-04-24,445799.97,12835,3346,18817,1939
2023-04-25,445798.99,12837,3348,18818,1940
2023-04-26,445798.01,12838,3350,18819,1941
2023-04-27,445797.03,12840,3351,18821,1942
2023-04-28,445796.05,12841,3352,18822,1943
2023-04-29,445795.07,12842,3353,18823,1944
2023-04-30,445794.09,12844,3355,18825,1945
2023-05-01,445793.11,12846,3356,18827,1946
2023-05-02,445792.13,12848,3358,18829,1947
2023-05-03,445791.15,12850,3359,18831,1948
2023-05-04,445790.17,12852,3360,18833,1949
2023-05-05,445789.19,12853,3362,18834,1950
2023-05-06,445788.21,12855,3363,18836,1951
2023-05-07,445787.23,12856,3364,18838,1952
2023-05-08,445786.25,12858,3366,18839,1953
2023-05-09,445785.27,12859,3367,18841,1954
2023-05-10,445784.29,12860,3369,18843,1955
2023-05-11,445783.31,12861,3370,18845,1956
2023-05-12,445782.33,12862,3372,18846,1957
2023-05-13,445781.35,12864,3374,18848,1958
2023-05-14,445780.37,12865,3375,18849,1959
2023-05-15,445779.39,12867,3377,18850,1960
2023-05-16,445778.41,12869,3379,18852,1961
2023-05-17,445777.43,12870,3380,18853,1962
2023-05-18,445776.45,12871,3381,18855,1963
2023-05-19,445775.47,12872,3383,18856,1964
2023-05-20,445774.49,12874,3384,18858,1965
2023-05-21,445773.51,12876,3386,18860,1966
2023-05-22,445772.53,12877,3387,18861,1967
2023-05-23,445771.55,12878,3389,18862,1968
2023-05-24,445770.57,12880,3390,18863,1969
2023-05-25,445769.59,12881,3392,18864,1970
2023-05-26,445768.61,12883,3393,18866,1971
2023-05-27,445767.63,12884,3394,18867,1972
2023-05-28,445766.65,12886,3395,18869,1973
2023-05-29,445765.67,12888,3396,18871,1974
2023-05-30,445764.69,12889,3397,18872,1975
2023-05-31,445763.71,12891,3399,18873,1976
2023-06-01,445762.73,12892,3401,18875,1977
2023-06-02,445761.75,12894,3402,18876,1978
2023-06-03,445760.77,12896,3404,18878,1979
2023-06-04,445759.79,12897,3405,18879,1980
2023-06-05,445758.81,12898,3407,18880,1981
2023-06-06,445757.83,12900,3409,18881,1982
2023-06-07,445756.85,12901,3410,18883,1983
2023-06-08,445755.87,12902,3412,18885,1984
2023-06-09,445754.89,12904,3413,18887,1985
2023-06-10,445753.91,12906,3414,18889,1986
2023-06-11,445752.93,12908,3415,18891,1987
2023-06-12,445751.95,12909,3416,18892,1988
2023-06-13,445750.97,12911,3418,18893,1989
2023-06-14,445749.99,12912,3419,18894,1990
2023-06-15,445749.01,12914,3420,18895,1991
2023-06-16,445748.03,12915,3422,18896,1992
2023-06-17,445747.05,12917,3424,18898,1993
2023-06-18,445746.07,12919,3426,18900,1994
2023-06-19,445745.09,12921,3428,18902,1995
2023-06-20,445744.11,12922,3429,18904,1996
2023-06-21,445743.13,12923,3431,18905,1997
2023-06-22,445742.15,12925,3433,18907,1998
2023-06-23,445741.17,12926,3434,18908,1999
2023-06-24,445740.19,12928,3436,18910,2000
2023-06-25,445739.21,12930,3438,18911,2001
2023-06-26,445738.23,12932,3439,18912,2002
2023-06-27,445737.25,12934,3441,18913,2003
2023-06-28,445736.27,12936,3442,18915,2004
2023-06-29,445735.29,12937,3444,18916,2005
2023-06-30,445734.31,12938,3446,18917,2006
2023-07-01,445733.33,12939,3447,18918,2007
2023-07-02,445732.35,12941,3449,18920,2008
2023-07-03,445731.37,12943,3450,18922,2009
2023-07-04,445730.39,12945,3451,18924,2010
2023-07-05,445729.41,12947,3453,18926,2011
2023-07-06,445728.43,12949,3454,18928,2012
2023-07-07,445727.45,12951,3456,18930,2013
2023-07-08,445726.47,12953,3458,18932,2014
2023-07-09,445725.49,12955,3460,18934,2015
2023-07-10,445724.51,12956,3462,18936,2016
2023-07-11,445723.53,12957,3464,18938,2017
2023-07-12,445722.55,12958,3465,18940,2018
2023-07-13,445721.57,12959,3466,18942,2019
2023-07-14,445720.59,12960,3468,18943,2020
2023-07-15,445719.61,12962,3470,18945,2021
2023-07-16,445718.63,12963,3471,18946,2022
2023-07-17,445717.65,12964,3472,18947,2023
2023-07-18,445716.67,12965,3473,18948,2024
2023-07-19,445715.69,12966,3475,18950,2025
2023-07-20,445714.71,12968,3477,18952,2026
2023-07-21,445713.73,12969,3478,18953,2027
2023-07-22,445712.75,12971,3480,18955,2028
2023-07-23,445711.77,12973,3481,18957,2029
2023-07-24,445710.79,12975,3483,18959,2030
2023-07-25,445709.81,12976,3485,18960,2031
2023-07-26,445708.83,12977,3486,18962,2032
2023-07-27,445707.85,12979,3487,18963,2033
2023-07-28,445706.87,12980,3489,18965,2034
2023-07-29,445705.89,12981,3491,18966,2035
2023-07-30,445704.91,12983,3493,18967,2036
2023-07-31,445703.93,12984,3494,18968,2037
2023-08-01,445702.95,12985,3495,18970,2038
2023-08-02,445701.97,12987,3496,18971,2039
2023-08-03,445700.99,12989,3497,18972,2040
2023-08-04,445700.01,12991,3498,18974,2041
2023-08-05,445699.03,12992,3499,18976,2042
2023-08-06,445698.05,12994,3501,18977,2043
2023-08-07,445697.07,12996,3502,18978,2044
2023-08-08,445696.09,12998,3504,18980,2045
2023-08-09,445695.11,13000,3506,18982,2046
2023-08-10,445694.13,13001,3508,18984,2047
2023-08-11,445693.15,13002,3510,18985,2048
2023-08-12,445692.17,13003,3511,18987,2049
2023-08-13,445691.19,13005,3512,18988,2050
2023-08-14,445690.21,13007,3514,18990,2051
2023-08-15,445689.23,13009,3515,18991,2052
2023-08-16,445688.25,13011,3517,18993,2053
2023-08-17,445687.27,13012,3519,18995,2054
2023-08-18,445686.29,13014,3520,18996,2055
2023-08-19,445685.31,13016,3522,18997,2056
2023-08-20,445684.33,13017,3523,18998,2057
2023-08-21,445683.35,13019,3524,18999,2058
2023-08-22,445682.37,13021,3525,19001,2059
2023-08-23,445681.39,13023,3526,19002,2060
2023-08-24,445680.41,13024,3528,19004,2061
2023-08-25,445679.43,13026,3530,19005,2062
2023-08-26,445678.45,13028,3531,19007,2063
2023-08-27,445677.47,13029,3532,19008,2064
2023-08-28,445676.49,13030,3533,19010,2065
2023-08-29,445675.51,13031,3534,19011,2066
2023-08-30,445674.53,13032,3535,19012,2067
2023-08-31,445673.55,13034,3537,19013,2068
2023-09-01,445672.57,13035,3538,19015,2069
2023-09-02,445671.59,13036,3539,19016,2070
2023-09-03,445670.61,13037,3541,19018,2071
2023-09-04,445669.63,13039,3542,19019,2072
2023-09-05,445668.65,13041,3544,19021,2073
2023-09-06,445667.67,13042,3546,19023,2074
2023-09-07,445666.69,13044,3547,19024,2075
2023-09-08,445665.71,13045,3549,19025,2076
2023-09-09,445664.73,13047,3550,19026,2077
2023-09-10,445663.75,13048,3552,19028,2078
2023-09-11,445662.77,13050,3553,19030,2079
2023-09-12,445661.79,13052,3555,19032,2080
2023-09-13,445660.81,13054,3557,19034,2081
2023-09-14,445659.83,13056,3559,19035,2082
2023-09-15,445658.85,13057,3560,19036,2083
2023-09-16,445657.87,13059,3562,19038,2084
2023-09-17,445656.89,13061,3563,19039,2085
2023-09-18,445655.91,13063,3564,19041,2086
2023-09-19,445654.93,13064,3566,19042,2087
2023-09-20,445653.95,13066,3567,19044,2088
2023-09-21,445652.97,13067,3569,19046,2089
2023-09-22,445651.99,13068,3570,19048,2090
2023-09-23,445651.01,13070,3571,19050,2091
2023-09-24,445650.03,13071,3573,19051,2092
2023-09-25,445649.05,13072,3575,19052,2093
2023-09-26,445648.07,13073,3576,19053,2094
2023-09-27,445647.09,13075,3578,19055,2095
2023-09-28,445646.11,13077,3579,19056,2096
2023-09-29,445645.13,13078,3580,19058,2097
2023-09-30,445644.15,13079,3581,19059,2098
2023-10-01,445643.58,13083,3582,19062,2099
2023-10-02,445643.01,13087,3584,19065,2100
2023-10-03,445642.44,13091,3585,19068,2101
2023-10-04,445641.87,13094,3586,19072,2102
2023-10-05,445641.3,13098,3587,19076,2103
2023-10-06,445640.73,13102,3588,19080,2104
2023-10-07,445640.16,13105,3590,19083,2105
2023-10-08,445639.59,13108,3592,19087,2106
2023-10-09,445639.02,13111,3593,19090,2107
2023-10-10,445638.45,13114,3595,19094,2108
2023-10-11,445637.88,13118,3597,19097,2109
2023-10-12,445637.31,13121,3599,19100,2110
2023-10-13,445636.74,13124,3601,19103,2111
2023-10-14,445636.17,13127,3602,19106,2112
2023-10-15,445635.6,13130,3603,19109,2113
2023-10-16,445635.03,13133,3604,19112,2114
2023-10-17,445634.46,13136,3605,19116,2115
2023-10-18,445633.89,13139,3607,19120,2116
2023-10-19,445633.32,13143,3608,19124,2117
2023-10-20,445632.75,13146,3609,19127,2118
2023-10-21,445632.18,13149,3611,19131,2119
2023-10-22,445631.61,13153,3612,19134,2120
2023-10-23,445631.04,13156,3614,19138,2121
2023-10-24,445630.47,13159,3615,19142,2122
2023-10-25,445629.9,13162,3617,19145,2123
2023-10-26,445629.33,13165,3618,19149,2124
2023-10-27,445628.76,13168,3619,19153,2125
2023-10-28,445628.19,13171,3621,19156,2126
2023-10-29,445627.62,13174,3623,19160,2127
2023-10-30,445627.05,13178,3624,19163,2128
2023-10-31,445626.48,13181,3626,19166,2129
2023-11-01,445625.91,13184,3628,19170,2130
2023-11-02,445625.34,13187,3630,19173,2131
2023-11-03,445624.77,13191,3631,19176,2132
2023-11-04,445624.2,13195,3632,19179,2133
2023-11-05,445623.63,13199,3633,19182,2134
2023-11-06,445623.06,13203,3635,19186,2135
2023-11-07,445622.49,13206,3636,19189,2136
2023-11-08,445621.92,13210,3637,19193,2137
2023-11-09,445621.35,13214,3638,19197,2138
2023-11-10,445620.78,13218,3640,19200,2139
2023-11-11,445620.21,13222,3642,19203,2140
2023-11-12,445619.64,13225,3644,19207,2141
2023-11-13,445619.07,13228,3646,19210,2142
2023-11-14,445618.5,13232,3647,19214,2143
2023-11-15,445617.93,13235,3649,19217,2144
2023-11-16,445617.36,13238,3651,19221,2145
2023-11-17,445616.79,13241,3652,19225,2146
2023-11-18,445616.22,13244,3653,19229,2147
2023-11-19,445615.65,13247,3655,19233,2148
2023-11-20,445615.08,13251,3656,19236,2149
2023-11-21,445614.51,13254,3657,19239,2150
2023-11-22,445613.94,13258,3658,19242,2151
2023-11-23,445613.37,13261,3659,19245,2152
2023-11-24,445612.8,13264,3660,19249,2153
2023-11-25,445612.23,13268,3661,19252,2154
2023-11-26,445611.66,13271,3662,19255,2155
2023-11-27,445611.09,13275,3664,19259,2156
2023-11-28,445610.52,13278,3665,19262,2157
2023-11-29,445609.95,13281,3666,19266,2158
2023-11-30,445609.38,13285,3668,19270,2159
2023-12-01,445608.81,13289,3670,19273,2160
2023-12-02,445608.24,13292,3672,19276,2161
2023-12-03,445607.67,13296,3674,19280,2162
2023-12-04,445607.1,13299,3675,19283,2163
2023-12-05,445606.53,13302,3677,19286,2164
2023-12-06,445605.96,13306,3678,19289,2165
2023-12-07,445605.39,13310,3679,19293,2166
2023-12-08,445604.82,13314,3681,19296,2167
2023-12-09,445604.25,13317,3683,19300,2168
2023-12-10,445603.68,13321,3684,19304,2169
2023-12-11,445603.11,13325,3685,19308,2170
2023-12-12,445602.54,13329,3686,19311,2171
2023-12-13,445601.97,13333,3688,19315,2172
2023-12-14,445601.4,13337,3689,19319,2173
2023-12-15,445600.83,13340,3690,19323,2174
2023-12-16,445600.26,13343,3692,19326,2175
2023-12-17,445599.69,13346,3693,19329,2176
2023-12-18,445599.12,13350,3694,19332,2177
2023-12-19,445598.55,13353,3696,19335,2178
2023-12-20,445597.98,13357,3697,19339,2179
2023-12-21,445597.41,13360,3699,19343,2180
2023-12-22,445596.84,13364,3701,19346,2181
2023-12-23,445596.27,13367,3703,19349,2182
2023-12-24,445595.7,13370,3704,19352,2183
2023-12-25,445595.13,13374,3705,19356,2184
2023-12-26,445594.56,13378,3707,19359,2185
2023-12-27,445593.99,13382,3708,19362,2186
2023-12-28,445593.42,13385,3709,19365,2187
2023-12-29,445592.85,13389,3711,19369,2188
2023-12-30,445592.28,13392,3712,19373,2189
2023-12-31,445591.71,13396,3714,19377,2190
